issueNumber,repository,title,state,projectStatus,auditBucket,auditConfidence,suggestedOwnerArea,needsHumanReview,labels,assignees,milestone,suggestedAction,auditReason,codeSearchTerms,issueUrl
214,AV-EFI/AVefi-Issues,Filmidentifikatorenansicht & Redaktionssystem:: Als MA einer filmhaltenden Institution möchte ich Seiten zur Projektvorstellung und die Landing Page redaktionell bearbeiten können  (User Story ID 10),CLOSED,Done,implemented_candidate,medium,Product/domain decision,true,,steffolino,,Verify whether the current codebase and tests reflect this closed/done issue.,Issue is closed or project status is Done. Missing milestone. Missing labels.,filmidentifikatorenansicht; redaktionssystem; filmhaltenden; institution; seiten; projektvorstellung; landing; redaktionell; bearbeiten; können,https://github.com/AV-EFI/AVefi-Issues/issues/214
58,AV-EFI/AVefi-Issues,Redaktionelle Bearbeitung von Datensätzen,OPEN,Temporary TODO List,domain_logic_needed,medium,Product/domain decision,true,SHOULDHAVE,steffolino,Public Release,Assign owner area for business/domain decision before implementation.,Domain/business terminology detected.,redaktionelle; bearbeitung; datensätzen; shouldhave,https://github.com/AV-EFI/AVefi-Issues/issues/58
60,AV-EFI/AVefi-Issues,Datenherkunft / Herausgeber anzeigen,OPEN,Temporary TODO List,domain_logic_needed,medium,Product/domain decision,true,,tennismann3000; C-Stemmler,Public Release,Assign owner area for business/domain decision before implementation.,Domain/business terminology detected. Missing labels.,datenherkunft; herausgeber; anzeigen,https://github.com/AV-EFI/AVefi-Issues/issues/60
61,AV-EFI/AVefi-Issues,Ähnliche Datensätze / Empfehlungssystem,OPEN,Temporary TODO List,domain_logic_needed,medium,Product/domain decision,true,Filmrecherche,steffolino,Public Release,Assign owner area for business/domain decision before implementation.,Domain/business terminology detected.,ähnliche; datensätze; empfehlungssystem; filmrecherche,https://github.com/AV-EFI/AVefi-Issues/issues/61
62,AV-EFI/AVefi-Issues,Tektonik der Manifestationen anzeigen,OPEN,Temporary TODO List,domain_logic_needed,medium,Product/domain decision,true,SHOULDHAVE; Filmrecherche,steffolino,Public Release,Assign owner area for business/domain decision before implementation.,Domain/business terminology detected.,tektonik; manifestationen; anzeigen; shouldhave; filmrecherche,https://github.com/AV-EFI/AVefi-Issues/issues/62
63,AV-EFI/AVefi-Issues,Filmrecherche – gezielte Suche (EPIC),OPEN,Temporary TODO List,domain_logic_needed,medium,Product/domain decision,true,Filmrecherche,steffolino,Public Release,Assign owner area for business/domain decision before implementation.,Domain/business terminology detected.,filmrecherche; gezielte; suche,https://github.com/AV-EFI/AVefi-Issues/issues/63
185,AV-EFI/AVefi-Issues,ACCESS-01: Seite zur Erklärung Barrierefreiheit,CLOSED,Done,implemented_candidate,medium,Accessibility/QA,true,,JStratil,,Verify whether the current codebase and tests reflect this closed/done issue.,Issue is closed or project status is Done. Missing milestone. Missing labels.,access-01; seite; erklärung; barrierefreiheit,https://github.com/AV-EFI/AVefi-Issues/issues/185
110,AV-EFI/AVefi-Issues,LG-03: Sprachabhängige Sortierung und Fuzzy-Suche,CLOSED,Done,implemented_candidate,medium,Frontend/UI,true,MUSTHAVE,steffolino; EOltmanns,,Verify whether the current codebase and tests reflect this closed/done issue.,Issue is closed or project status is Done. Missing milestone.,lg-03; sprachabhängige; sortierung; fuzzy-suche; musthave,https://github.com/AV-EFI/AVefi-Issues/issues/110
211,AV-EFI/AVefi-Issues,Allgemein: Als Benutzer*in möchte ich allgemeine und rechtliche Informationen über die Seite und das Projekt einsehen können (User Story ID 45),CLOSED,Done,implemented_candidate,medium,Frontend/UI,true,,steffolino,,Verify whether the current codebase and tests reflect this closed/done issue.,Issue is closed or project status is Done. Missing milestone. Missing labels.,allgemein; benutzer; allgemeine; rechtliche; informationen; seite; projekt; einsehen; können,https://github.com/AV-EFI/AVefi-Issues/issues/211
213,AV-EFI/AVefi-Issues,Filmrecherche: Als Benutzer*in möchte ich semantische Verknüpfungen / Beziehungen zwischen den Datensätzen visuell angezeigt bekommen  (User Story ID 42),CLOSED,Done,implemented_candidate,medium,Backend/API/indexing,true,,steffolino,,Verify whether the current codebase and tests reflect this closed/done issue.,Issue is closed or project status is Done. Missing milestone. Missing labels.,filmrecherche; benutzer; semantische; verknüpfungen; beziehungen; zwischen; datensätzen; visuell; angezeigt; bekommen,https://github.com/AV-EFI/AVefi-Issues/issues/213
212,AV-EFI/AVefi-Issues,"Performance: Als Benutzer*in erwarte ich, dass die Anwendung schnelle und reaktionsschnelle Suchergebnisse liefert, auch bei großen Datenmengen  (User Story ID 32)",CLOSED,Done,implemented_candidate,medium,Backend/API/indexing,true,,steffolino,,Verify whether the current codebase and tests reflect this closed/done issue.,Issue is closed or project status is Done. Missing milestone. Missing labels.,performance; benutzer; erwarte; anwendung; schnelle; reaktionsschnelle; suchergebnisse; liefert; großen; datenmengen,https://github.com/AV-EFI/AVefi-Issues/issues/212
33,AV-EFI/AVefi-Issues,Filmrecherche: Als Benutzer*in möchte ich Medien (Filme) zitieren können  (User Story ID 6),CLOSED,Done,implemented_candidate,medium,Product/domain decision,true,WONTHAVE; Filmrecherche,steffolino,,Verify whether the current codebase and tests reflect this closed/done issue.,Issue is closed or project status is Done. Missing milestone.,filmrecherche; benutzer; medien; filme; zitieren; können; wonthave,https://github.com/AV-EFI/AVefi-Issues/issues/33
159,AV-EFI/AVefi-Issues,SEO-03: Technische Umsetzung SEO,CLOSED,Done,implemented_candidate,medium,Product/domain decision,true,SEO,steffolino,Public Release,Verify whether the current codebase and tests reflect this closed/done issue.,Issue is closed or project status is Done.,seo-03; technische; umsetzung,https://github.com/AV-EFI/AVefi-Issues/issues/159
222,AV-EFI/AVefi-Issues,"Filmrecherche: Als Benutzer*in möchte ich meine Suchpräferenzen anpassen können (z. B. Sortieroptionen, Standardfilter)  (User Story ID 28)",CLOSED,Done,implemented_candidate,medium,Frontend/UI,true,,steffolino,,Verify whether the current codebase and tests reflect this closed/done issue.,Issue is closed or project status is Done. Missing milestone. Missing labels.,filmrecherche; benutzer; meine; suchpräferenzen; anpassen; können; sortieroptionen; standardfilter,https://github.com/AV-EFI/AVefi-Issues/issues/222
35,AV-EFI/AVefi-Issues,Filmidentifikatorenansicht & Redaktionssystem:: Als MA einer filmhaltenden Institution möchte ich Datensätze redaktionell bearbeiten  (User Story ID 4),CLOSED,Done,implemented_candidate,medium,Product/domain decision,true,COULDHAVE; Filmidentifikatorenansicht & Redaktionssystem,steffolino,,Verify whether the current codebase and tests reflect this closed/done issue.,Issue is closed or project status is Done. Missing milestone.,filmidentifikatorenansicht; redaktionssystem; filmhaltenden; institution; datensätze; redaktionell; bearbeiten; couldhave,https://github.com/AV-EFI/AVefi-Issues/issues/35
36,AV-EFI/AVefi-Issues,"Filmrecherche: Als eine nicht-deutsche Benutzer*in möchte ich ""Multi-Language"" Support  (User Story ID 21)",CLOSED,Done,implemented_candidate,medium,Unassigned triage,true,COULDHAVE; Filmrecherche,steffolino,,Verify whether the current codebase and tests reflect this closed/done issue.,Issue is closed or project status is Done. Missing milestone.,filmrecherche; nicht-deutsche; benutzer; multi-language; support; couldhave,https://github.com/AV-EFI/AVefi-Issues/issues/36
37,AV-EFI/AVefi-Issues,"Filmrecherche: Als Benutzer*in möchte ich sehen, welche Daten-Quellen bzw. Herausgeber Daten bei AVefi bereitstellen  (User Story ID 43)",CLOSED,Done,implemented_candidate,medium,Backend/API/indexing,true,SHOULDHAVE; Filmrecherche,steffolino,,Verify whether the current codebase and tests reflect this closed/done issue.,Issue is closed or project status is Done. Missing milestone.,filmrecherche; benutzer; sehen; welche; daten-quellen; herausgeber; daten; avefi; bereitstellen; shouldhave,https://github.com/AV-EFI/AVefi-Issues/issues/37
38,AV-EFI/AVefi-Issues,Filmrecherche: Als Benutzer*in möchte ich Suchverläufe speichern und wieder aufrufen können  (User Story ID 47),CLOSED,Done,implemented_candidate,medium,Frontend/UI,true,WONTHAVE; Filmrecherche,steffolino,,Verify whether the current codebase and tests reflect this closed/done issue.,Issue is closed or project status is Done. Missing milestone.,filmrecherche; benutzer; suchverläufe; speichern; wieder; aufrufen; können; wonthave,https://github.com/AV-EFI/AVefi-Issues/issues/38
39,AV-EFI/AVefi-Issues,Filmrecherche: Als Benutzer*in möchte ich Querverbindungen und Verweise direkt einsehen und nutzen können  (User Story ID 23),CLOSED,Done,implemented_candidate,medium,Unassigned triage,true,SHOULDHAVE; Filmrecherche,steffolino,,Verify whether the current codebase and tests reflect this closed/done issue.,Issue is closed or project status is Done. Missing milestone.,filmrecherche; benutzer; querverbindungen; verweise; direkt; einsehen; nutzen; können; shouldhave,https://github.com/AV-EFI/AVefi-Issues/issues/39
40,AV-EFI/AVefi-Issues,Filmanzeige: Als Benutzer*in möchte ich möglichst schnell zum Quell-Datensatz gelangen (User Story ID 20),CLOSED,Done,implemented_candidate,medium,Backend/API/indexing,true,SHOULDHAVE; Filmanzeige,steffolino,,Verify whether the current codebase and tests reflect this closed/done issue.,Issue is closed or project status is Done. Missing milestone.,filmanzeige; benutzer; möglichst; schnell; quell-datensatz; gelangen; shouldhave,https://github.com/AV-EFI/AVefi-Issues/issues/40
41,AV-EFI/AVefi-Issues,Filmrecherche: Als Benutzer*in möchte ich zwei oder mehrere Datensätze (Werk-Manifestation-Item) auf ihre Ähnlichkeit prüfen (User Story ID 1),CLOSED,Done,implemented_candidate,medium,Product/domain decision,true,SHOULDHAVE; Filmrecherche,steffolino,,Verify whether the current codebase and tests reflect this closed/done issue.,Issue is closed or project status is Done. Missing milestone.,filmrecherche; benutzer; mehrere; datensätze; werk-manifestation-item; ähnlichkeit; prüfen; shouldhave,https://github.com/AV-EFI/AVefi-Issues/issues/41
42,AV-EFI/AVefi-Issues,Filmrecherche: Als Benutzer*in möchte ich einen Überblick über die Tektonik der Manifestationen zu einem Werk sehen  (User Story ID 50),CLOSED,Done,implemented_candidate,medium,Product/domain decision,true,SHOULDHAVE; Filmrecherche,steffolino,,Verify whether the current codebase and tests reflect this closed/done issue.,Issue is closed or project status is Done. Missing milestone.,filmrecherche; benutzer; überblick; tektonik; manifestationen; sehen; shouldhave,https://github.com/AV-EFI/AVefi-Issues/issues/42
43,AV-EFI/AVefi-Issues,PID-Verwaltung: Als MA einer filmhaltenden Institution möchte ich eine PID für einen Film-Metadatensatz abfragen  (User Story ID 13),CLOSED,Done,implemented_candidate,medium,Product/domain decision,true,MUSTHAVE; PID Verwaltung,steffolino; bingert; EOltmanns,,Verify whether the current codebase and tests reflect this closed/done issue.,Issue is closed or project status is Done. Missing milestone.,pid-verwaltung; filmhaltenden; institution; film-metadatensatz; abfragen; musthave; verwaltung,https://github.com/AV-EFI/AVefi-Issues/issues/43
44,AV-EFI/AVefi-Issues,"Filmrecherche: Als Benutzer*in möchte ich schnell einsehen können, von welcher Institution/welchen Institutionen ein Metadatensatz stammt (User Story ID 41)",CLOSED,Done,implemented_candidate,medium,Backend/API/indexing,true,SHOULDHAVE; Filmrecherche,steffolino,,Verify whether the current codebase and tests reflect this closed/done issue.,Issue is closed or project status is Done. Missing milestone.,filmrecherche; benutzer; schnell; einsehen; können; welcher; institution; welchen; institutionen; metadatensatz,https://github.com/AV-EFI/AVefi-Issues/issues/44
45,AV-EFI/AVefi-Issues,Filmidentifikatorenansicht & Redaktionssystem:: Als MA einer filmhaltenden Institution möchte ich Duplikate von Filmen ausfindig machen können  (User Story ID 25),CLOSED,Done,implemented_candidate,medium,Product/domain decision,true,SHOULDHAVE; Filmidentifikatorenansicht & Redaktionssystem,steffolino,,Verify whether the current codebase and tests reflect this closed/done issue.,Issue is closed or project status is Done. Missing milestone.,filmidentifikatorenansicht; redaktionssystem; filmhaltenden; institution; duplikate; filmen; ausfindig; machen; können; shouldhave,https://github.com/AV-EFI/AVefi-Issues/issues/45
46,AV-EFI/AVefi-Issues,PID-Verwaltung: Als MA einer filmhaltenden Institution möchte ich eine PID für einen Film-Metadatensatz erstellen (registrieren)  (User Story ID 12),CLOSED,Done,implemented_candidate,medium,Product/domain decision,true,SHOULDHAVE; PID Verwaltung,steffolino; bingert; EOltmanns,,Verify whether the current codebase and tests reflect this closed/done issue.,Issue is closed or project status is Done. Missing milestone.,pid-verwaltung; filmhaltenden; institution; film-metadatensatz; erstellen; registrieren; shouldhave; verwaltung,https://github.com/AV-EFI/AVefi-Issues/issues/46
210,AV-EFI/AVefi-Issues,Filmanzeige: Als Benutzer*in möchte ich Datensätze mit allen relevanten Informationen einsehen können  (User Story ID 5),CLOSED,Done,implemented_candidate,medium,Backend/API/indexing,true,,steffolino,,Verify whether the current codebase and tests reflect this closed/done issue.,Issue is closed or project status is Done. Missing milestone. Missing labels.,filmanzeige; benutzer; datensätze; allen; relevanten; informationen; einsehen; können,https://github.com/AV-EFI/AVefi-Issues/issues/210
209,AV-EFI/AVefi-Issues,Filmanzeige: Als Benutzer*in möchte ich zwischen einer Kurz- und einer Detailansicht eines Datensatzes wechseln können  (User Story ID 9),CLOSED,Done,implemented_candidate,medium,Backend/API/indexing,true,UserStory; Technical-Blocker; Frontend,steffolino,,Verify whether the current codebase and tests reflect this closed/done issue.,Issue is closed or project status is Done. Missing milestone.,filmanzeige; benutzer; zwischen; kurz-; detailansicht; datensatzes; wechseln; können; userstory; technical-blocker,https://github.com/AV-EFI/AVefi-Issues/issues/209
49,AV-EFI/AVefi-Issues,Filmidentifikatorenansicht & Redaktionssystem:: Als MA einer filmhaltenden Institution möchte ich zwei oder mehrere Datensätze (Werk-Manifestation-Item) auf ihre Ähnlichkeit prüfen  (User Story ID 24),OPEN,Highest Prio,domain_logic_needed,medium,Product/domain decision,true,B L O C K E D; SHOULDHAVE; Filmidentifikatorenansicht & Redaktionssystem,EOltmanns,,Assign owner area for business/domain decision before implementation.,Domain/business terminology detected. Missing milestone.,filmidentifikatorenansicht; redaktionssystem; filmhaltenden; institution; mehrere; datensätze; werk-manifestation-item; ähnlichkeit; prüfen; shouldhave,https://github.com/AV-EFI/AVefi-Issues/issues/49
50,AV-EFI/AVefi-Issues,"Filmidentifikatorenansicht & Redaktionssystem:: Als MA einer filmhaltenden Institution möchte ich bei widersprüchlichen Metadaten zu einem Objekt entscheiden können, welche Metadaten übernommen werden sollen  (User Story ID 40)",OPEN,Highest Prio,domain_logic_needed,medium,Product/domain decision,true,SHOULDHAVE; Filmidentifikatorenansicht & Redaktionssystem,tennismann3000; C-Stemmler,,Assign owner area for business/domain decision before implementation.,Domain/business terminology detected. Missing milestone.,filmidentifikatorenansicht; redaktionssystem; filmhaltenden; institution; widersprüchlichen; metadaten; objekt; entscheiden; können; welche,https://github.com/AV-EFI/AVefi-Issues/issues/50
221,AV-EFI/AVefi-Issues,"Filmrecherche: Als Benutzer*in möchte ich die Möglichkeit haben, Suchergebnisse oder kuratierte Listen von Filmen in verschiedene Formate (z. B. CSV, PDF, JSON) zu exportieren  (User Story ID 34)",CLOSED,Done,implemented_candidate,medium,Frontend/UI,true,,steffolino,,Verify whether the current codebase and tests reflect this closed/done issue.,Issue is closed or project status is Done. Missing milestone. Missing labels.,filmrecherche; benutzer; möglichkeit; haben; suchergebnisse; kuratierte; listen; filmen; verschiedene; formate,https://github.com/AV-EFI/AVefi-Issues/issues/221
52,AV-EFI/AVefi-Issues,Filmidentifikatorenansicht & Redaktionssystem:: Als MA einer filmhaltenden Institution möchte ich Daten übernehmen können  (User Story ID 7),OPEN,Highest Prio,domain_logic_needed,medium,Product/domain decision,true,B L O C K E D; SHOULDHAVE; Filmidentifikatorenansicht & Redaktionssystem,EOltmanns,,Assign owner area for business/domain decision before implementation.,Domain/business terminology detected. Missing milestone.,filmidentifikatorenansicht; redaktionssystem; filmhaltenden; institution; daten; übernehmen; können; shouldhave,https://github.com/AV-EFI/AVefi-Issues/issues/52
220,AV-EFI/AVefi-Issues,Filmrecherche: Als Benutzer*in möchte ich das Suchergebnis mittels Filtern verfeinern  (User Story ID 3),CLOSED,Done,implemented_candidate,medium,Frontend/UI,true,,steffolino,,Verify whether the current codebase and tests reflect this closed/done issue.,Issue is closed or project status is Done. Missing milestone. Missing labels.,filmrecherche; benutzer; suchergebnis; mittels; filtern; verfeinern,https://github.com/AV-EFI/AVefi-Issues/issues/220
216,AV-EFI/AVefi-Issues,Filmidentifikatorenansicht & Redaktionssystem:: Als MA einer filmhaltenden Institution möchte ich zwei oder mehrere Datensätze (Werk-Manifestation-Item) auf ihre Ähnlichkeit prüfen  (User Story ID 24),CLOSED,Done,implemented_candidate,medium,Product/domain decision,true,,steffolino,,Verify whether the current codebase and tests reflect this closed/done issue.,Issue is closed or project status is Done. Missing milestone. Missing labels.,filmidentifikatorenansicht; redaktionssystem; filmhaltenden; institution; mehrere; datensätze; werk-manifestation-item; ähnlichkeit; prüfen,https://github.com/AV-EFI/AVefi-Issues/issues/216
7,AV-EFI/AVefi-Issues,"Hilfe, Feedback & Kommunikation: Als Benutzer*in möchte ich an Diskussionen über Film-Metadaten teilnehmen können, Rezensionen schreiben und anderen Benutzer*innen Feedback geben  (User Story ID 38)",CLOSED,Done,implemented_candidate,medium,Backend/API/indexing,true,WONTHAVE; Hilfe Feedback Kommunikation,steffolino,,Verify whether the current codebase and tests reflect this closed/done issue.,Issue is closed or project status is Done. Missing milestone.,hilfe; feedback; kommunikation; benutzer; diskussionen; film-metadaten; teilnehmen; können; rezensionen; schreiben,https://github.com/AV-EFI/AVefi-Issues/issues/7
215,AV-EFI/AVefi-Issues,Filmidentifikatorenansicht & Redaktionssystem:: Als MA einer filmhaltenden Institution möchte ich ein editierbares Profil haben  (User Story ID 26),OPEN,Highest Prio,domain_logic_needed,medium,Product/domain decision,true,B L O C K E D,steffolino; EOltmanns,,Assign owner area for business/domain decision before implementation.,Domain/business terminology detected. Missing milestone.,filmidentifikatorenansicht; redaktionssystem; filmhaltenden; institution; editierbares; profil; haben,https://github.com/AV-EFI/AVefi-Issues/issues/215
9,AV-EFI/AVefi-Issues,Filmidentifikatorenansicht & Redaktionssystem:: Als MA einer Filmhaltenden Institution möchte ich Synergie-Effekte nutzen  (User Story ID 27),CLOSED,Done,implemented_candidate,medium,Product/domain decision,true,WONTHAVE; Filmidentifikatorenansicht & Redaktionssystem,steffolino,,Verify whether the current codebase and tests reflect this closed/done issue.,Issue is closed or project status is Done. Missing milestone.,filmidentifikatorenansicht; redaktionssystem; filmhaltenden; institution; synergie-effekte; nutzen; wonthave,https://github.com/AV-EFI/AVefi-Issues/issues/9
10,AV-EFI/AVefi-Issues,Filmrecherche: Als Benutzer*in möchte ich Empfehlungen basierend auf den Sehgewohnheiten und Vorlieben von Benutzer*innen mit ähnlichem Geschmack erhalten  (User Story ID 30),CLOSED,Done,implemented_candidate,medium,Unassigned triage,true,WONTHAVE; Filmrecherche,steffolino,,Verify whether the current codebase and tests reflect this closed/done issue.,Issue is closed or project status is Done. Missing milestone.,filmrecherche; benutzer; empfehlungen; basierend; sehgewohnheiten; vorlieben; innen; ähnlichem; geschmack; erhalten,https://github.com/AV-EFI/AVefi-Issues/issues/10
11,AV-EFI/AVefi-Issues,Filmidentifikatorenansicht & Redaktionssystem:: Als MA einer filmhaltenden Institution möchte ich einen oder mehrere neue Film-Metadatensätze zum Projekt hinzufügen  (User Story ID 15),CLOSED,Done,implemented_candidate,medium,Product/domain decision,true,WONTHAVE; Filmidentifikatorenansicht & Redaktionssystem,steffolino,,Verify whether the current codebase and tests reflect this closed/done issue.,Issue is closed or project status is Done. Missing milestone.,filmidentifikatorenansicht; redaktionssystem; filmhaltenden; institution; mehrere; film-metadatensätze; projekt; hinzufügen; wonthave,https://github.com/AV-EFI/AVefi-Issues/issues/11
12,AV-EFI/AVefi-Issues,Filmanzeige: Als Benutzer*in möchte ich zwischen verschiedenen Ansichten der Suchergebnisse wechseln  (User Story ID 19),CLOSED,Done,implemented_candidate,medium,Frontend/UI,true,WONTHAVE; Filmanzeige,steffolino,,Verify whether the current codebase and tests reflect this closed/done issue.,Issue is closed or project status is Done. Missing milestone.,filmanzeige; benutzer; zwischen; verschiedenen; ansichten; suchergebnisse; wechseln; wonthave,https://github.com/AV-EFI/AVefi-Issues/issues/12
13,AV-EFI/AVefi-Issues,"Hilfe, Feedback & Kommunikation: Als Benutzer*in möchte ich eine einfache und benutzerfreundliche Anmeldungs- und Registrierungsoption haben  (User Story ID 36)",CLOSED,Done,implemented_candidate,medium,Frontend/UI,true,SHOULDHAVE; Hilfe Feedback Kommunikation,steffolino; bingert,,Verify whether the current codebase and tests reflect this closed/done issue.,Issue is closed or project status is Done. Missing milestone.,hilfe; feedback; kommunikation; benutzer; einfache; benutzerfreundliche; anmeldungs-; registrierungsoption; haben; shouldhave,https://github.com/AV-EFI/AVefi-Issues/issues/13
14,AV-EFI/AVefi-Issues,"Hilfe, Feedback & Kommunikation: Als Benutzer*in möchte ich kontextabhängige Hilfe und Erklärungen erhalten  (User Story ID 37)",CLOSED,Done,implemented_candidate,medium,Frontend/UI,true,WONTHAVE; Hilfe Feedback Kommunikation,steffolino,,Verify whether the current codebase and tests reflect this closed/done issue.,Issue is closed or project status is Done. Missing milestone.,hilfe; feedback; kommunikation; benutzer; kontextabhängige; erklärungen; erhalten; wonthave,https://github.com/AV-EFI/AVefi-Issues/issues/14
15,AV-EFI/AVefi-Issues,"Filmrecherche: Als Benutzer*in möchte ich Benachrichtigungen über relevante Updates oder neue Inhalte erhalten, die meinen Interessen oder früheren Suchanfragen entsprechen.  (User Story ID 31)",CLOSED,Done,implemented_candidate,medium,Frontend/UI,true,WONTHAVE; Filmrecherche,steffolino,,Verify whether the current codebase and tests reflect this closed/done issue.,Issue is closed or project status is Done. Missing milestone.,filmrecherche; benutzer; benachrichtigungen; relevante; updates; inhalte; erhalten; meinen; interessen; früheren,https://github.com/AV-EFI/AVefi-Issues/issues/15
16,AV-EFI/AVefi-Issues,Filmanzeige: Als Benutzer*in möchte ich eine Liste von zusammenhängenden Filmen erstellen  (User Story ID 14),CLOSED,Done,implemented_candidate,medium,Unassigned triage,true,WONTHAVE; Filmanzeige,steffolino,,Verify whether the current codebase and tests reflect this closed/done issue.,Issue is closed or project status is Done. Missing milestone.,filmanzeige; benutzer; liste; zusammenhängenden; filmen; erstellen; wonthave,https://github.com/AV-EFI/AVefi-Issues/issues/16
17,AV-EFI/AVefi-Issues,Filmrecherche: Als Benutzer*in möchte ich einen technische Übersicht über exportierbare und importierbare Formate erhalten (User Story ID 39),CLOSED,Done,implemented_candidate,medium,Backend/API/indexing,true,WONTHAVE; Filmrecherche,steffolino,,Verify whether the current codebase and tests reflect this closed/done issue.,Issue is closed or project status is Done. Missing milestone.,filmrecherche; benutzer; technische; übersicht; exportierbare; importierbare; formate; erhalten; wonthave,https://github.com/AV-EFI/AVefi-Issues/issues/17
18,AV-EFI/AVefi-Issues,"Hilfe, Feedback & Kommunikation: Als Benutzer*in möchte ich kontextabhängiges Feedback geben  (User Story ID 49)",CLOSED,Done,implemented_candidate,medium,Frontend/UI,true,WONTHAVE; Hilfe Feedback Kommunikation,steffolino,,Verify whether the current codebase and tests reflect this closed/done issue.,Issue is closed or project status is Done. Missing milestone.,hilfe; feedback; kommunikation; benutzer; kontextabhängiges; geben; wonthave,https://github.com/AV-EFI/AVefi-Issues/issues/18
19,AV-EFI/AVefi-Issues,Filmrecherche: Als Benutzer*in möchte ich die Suchergebnisse nach meinen Bedürfnissen anpassen  (User Story ID 48),CLOSED,Done,implemented_candidate,medium,Frontend/UI,true,WONTHAVE; Filmrecherche,steffolino,,Verify whether the current codebase and tests reflect this closed/done issue.,Issue is closed or project status is Done. Missing milestone.,filmrecherche; benutzer; suchergebnisse; meinen; bedürfnissen; anpassen; wonthave,https://github.com/AV-EFI/AVefi-Issues/issues/19
20,AV-EFI/AVefi-Issues,Filmrecherche: Als Benutzer*in möchte ich möglichst passende Vorschläge erhalten (User Story ID 17),CLOSED,Done,implemented_candidate,medium,Unassigned triage,true,WONTHAVE; Filmrecherche,steffolino,,Verify whether the current codebase and tests reflect this closed/done issue.,Issue is closed or project status is Done. Missing milestone.,filmrecherche; benutzer; möglichst; passende; vorschläge; erhalten; wonthave,https://github.com/AV-EFI/AVefi-Issues/issues/20
21,AV-EFI/AVefi-Issues,Filmidentifikatorenansicht & Redaktionssystem:: Als Redakteur*in / Admin möchte ich Zugriff auf historische Suchdaten und Nutzungsstatistiken haben  (User Story ID 33),CLOSED,Done,implemented_candidate,medium,Product/domain decision,true,WONTHAVE; Filmidentifikatorenansicht & Redaktionssystem,steffolino,,Verify whether the current codebase and tests reflect this closed/done issue.,Issue is closed or project status is Done. Missing milestone.,filmidentifikatorenansicht; redaktionssystem; redakteur; admin; zugriff; historische; suchdaten; nutzungsstatistiken; haben; wonthave,https://github.com/AV-EFI/AVefi-Issues/issues/21
22,AV-EFI/AVefi-Issues,Filmrecherche: Als Benutzer*in möchte ich optimal bei der Suche unterstützt werden  (User Story ID 22),CLOSED,Done,implemented_candidate,medium,Frontend/UI,true,WONTHAVE; Filmrecherche,steffolino,,Verify whether the current codebase and tests reflect this closed/done issue.,Issue is closed or project status is Done. Missing milestone.,filmrecherche; benutzer; optimal; suche; unterstützt; werden; wonthave,https://github.com/AV-EFI/AVefi-Issues/issues/22
23,AV-EFI/AVefi-Issues,"Filmidentifikatorenansicht & Redaktionssystem:: Als MA einer filmhaltenden Institution möchte ich nachvollziehen können, wer wann welche Datensätze in das System eingegeben hat  (User Story ID 46)",CLOSED,Done,implemented_candidate,medium,Product/domain decision,true,COULDHAVE; Filmidentifikatorenansicht & Redaktionssystem,steffolino,,Verify whether the current codebase and tests reflect this closed/done issue.,Issue is closed or project status is Done. Missing milestone.,filmidentifikatorenansicht; redaktionssystem; filmhaltenden; institution; nachvollziehen; können; welche; datensätze; system; eingegeben,https://github.com/AV-EFI/AVefi-Issues/issues/23
223,AV-EFI/AVefi-Issues,"Barrierefreiheit: Als Benutzer*in mit Sehbeeinträchtigung möchte ich, dass die Anwendung Barrierefreiheitsfunktionen unterstützt, wie Bildschirmlesegeräte, Tastaturnavigation und alternative Texte für Bilder, um eine inklusive Benutzererfahrung sicherzuste",CLOSED,Done,implemented_candidate,medium,Accessibility/QA,true,,steffolino,,Verify whether the current codebase and tests reflect this closed/done issue.,Issue is closed or project status is Done. Missing milestone. Missing labels.,barrierefreiheit; benutzer; sehbeeinträchtigung; anwendung; barrierefreiheitsfunktionen; unterstützt; bildschirmlesegeräte; tastaturnavigation; alternative; texte,https://github.com/AV-EFI/AVefi-Issues/issues/223
25,AV-EFI/AVefi-Issues,Filmrecherche:Als Benutzer*in möchte ich nach der filmhaltenden Institution filtern können  (User Story ID 44),CLOSED,Done,implemented_candidate,medium,Product/domain decision,true,COULDHAVE; Filmrecherche,steffolino,,Verify whether the current codebase and tests reflect this closed/done issue.,Issue is closed or project status is Done. Missing milestone.,filmrecherche; benutzer; filmhaltenden; institution; filtern; können; couldhave,https://github.com/AV-EFI/AVefi-Issues/issues/25
26,AV-EFI/AVefi-Issues,"Filmidentifikatorenansicht & Redaktionssystem:: Als MA einer filmhaltenden Institution möchte ich eine Nutzerverwaltung nutzen, um die Rechte der Nutzenden zu verwalten  (User Story ID 8)",CLOSED,Done,implemented_candidate,medium,Product/domain decision,true,SHOULDHAVE; Filmidentifikatorenansicht & Redaktionssystem,steffolino; bingert,,Verify whether the current codebase and tests reflect this closed/done issue.,Issue is closed or project status is Done. Missing milestone.,filmidentifikatorenansicht; redaktionssystem; filmhaltenden; institution; nutzerverwaltung; nutzen; rechte; nutzenden; verwalten; shouldhave,https://github.com/AV-EFI/AVefi-Issues/issues/26
27,AV-EFI/AVefi-Issues,"Hilfe, Feedback & Kommunikation: Als Benutzer*in möchte ich Feedback zu Suchergebnissen (z. B. Relevanz, Genauigkeit) geben können  (User Story ID 35)",CLOSED,Done,implemented_candidate,medium,Frontend/UI,true,COULDHAVE; Hilfe Feedback Kommunikation,steffolino,,Verify whether the current codebase and tests reflect this closed/done issue.,Issue is closed or project status is Done. Missing milestone.,hilfe; feedback; kommunikation; benutzer; suchergebnissen; relevanz; genauigkeit; geben; können; couldhave,https://github.com/AV-EFI/AVefi-Issues/issues/27
28,AV-EFI/AVefi-Issues,Filmidentifikatorenansicht & Redaktionssystem:: Als MA einer filmhaltenden Institution möchte ich einen existierenden Film unsichtbar machen / entfernen  (User Story ID 11),CLOSED,Done,implemented_candidate,medium,Product/domain decision,true,COULDHAVE; Filmidentifikatorenansicht & Redaktionssystem,steffolino,,Verify whether the current codebase and tests reflect this closed/done issue.,Issue is closed or project status is Done. Missing milestone.,filmidentifikatorenansicht; redaktionssystem; filmhaltenden; institution; existierenden; unsichtbar; machen; entfernen; couldhave,https://github.com/AV-EFI/AVefi-Issues/issues/28
224,AV-EFI/AVefi-Issues,Filmrecherche: Als Benutzer*in möchte ich gezielt nach Filmen suchen können  (User Story ID 2),CLOSED,Done,implemented_candidate,medium,Frontend/UI,true,,steffolino,,Verify whether the current codebase and tests reflect this closed/done issue.,Issue is closed or project status is Done. Missing milestone. Missing labels.,filmrecherche; benutzer; gezielt; filmen; suchen; können,https://github.com/AV-EFI/AVefi-Issues/issues/224
56,AV-EFI/AVefi-Issues,"Als Benutzer*in möchte ich direkt sehen, ob ein Exemplar online verfügbar ist",CLOSED,Done,implemented_candidate,medium,Backend/API/indexing,true,MUSTHAVE; Filmanzeige,steffolino; EOltmanns; tennismann3000,,Verify whether the current codebase and tests reflect this closed/done issue.,Issue is closed or project status is Done. Missing milestone.,benutzer; direkt; sehen; exemplar; online; verfügbar; musthave; filmanzeige,https://github.com/AV-EFI/AVefi-Issues/issues/56
57,AV-EFI/AVefi-Issues,Filmrecherche: Als Benutzer*in möchte ich gezielt nach Filmen suchen können  (User Story ID 2),CLOSED,Done,implemented_candidate,medium,Frontend/UI,true,MUSTHAVE; Filmrecherche,steffolino,,Verify whether the current codebase and tests reflect this closed/done issue.,Issue is closed or project status is Done. Missing milestone.,filmrecherche; benutzer; gezielt; filmen; suchen; können; musthave,https://github.com/AV-EFI/AVefi-Issues/issues/57
64,AV-EFI/AVefi-Issues,Facetten finalisieren (Filmrecherche),CLOSED,Done,implemented_candidate,medium,Frontend/UI,true,MUSTHAVE; Filmrecherche,steffolino,Public Release,Verify whether the current codebase and tests reflect this closed/done issue.,Issue is closed or project status is Done.,facetten; finalisieren; filmrecherche; musthave,https://github.com/AV-EFI/AVefi-Issues/issues/64
65,AV-EFI/AVefi-Issues,Sortierung in der Suche,OPEN,Backlog,backend_or_data_needed,medium,Backend/API/indexing,true,Filmrecherche,steffolino; EOltmanns; tennismann3000,Public Release,Assign backend/data owner or confirm frontend dependency.,"Backend, data, API, indexing, or schema terminology detected.",sortierung; suche; filmrecherche,https://github.com/AV-EFI/AVefi-Issues/issues/65
66,AV-EFI/AVefi-Issues,Trefferlisten-Preview verbessern,CLOSED,Done,implemented_candidate,medium,Backend/API/indexing,true,MUSTHAVE; Filmrecherche,steffolino; tennismann3000,Public Release,Verify whether the current codebase and tests reflect this closed/done issue.,Issue is closed or project status is Done.,trefferlisten-preview; verbessern; musthave; filmrecherche,https://github.com/AV-EFI/AVefi-Issues/issues/66
149,AV-EFI/AVefi-Issues,LIC-01: Rechte- und Lizenzinformationen global sichtbar machen,CLOSED,Done,implemented_candidate,medium,Backend/API/indexing,true,UserStory; Frontend; Epic:Lizenzen,tennismann3000,,Verify whether the current codebase and tests reflect this closed/done issue.,Issue is closed or project status is Done. Missing milestone.,lic-01; rechte-; lizenzinformationen; global; sichtbar; machen; userstory; frontend; lizenzen,https://github.com/AV-EFI/AVefi-Issues/issues/149
126,AV-EFI/AVefi-Issues,NC-08: Navigation zwischen Manifestationen im Split-View,CLOSED,Done,implemented_candidate,medium,Product/domain decision,true,UserStory; Frontend; Epic:Navigation,steffolino,Public Release,Verify whether the current codebase and tests reflect this closed/done issue.,Issue is closed or project status is Done.,nc-08; navigation; zwischen; manifestationen; split-view; userstory; frontend,https://github.com/AV-EFI/AVefi-Issues/issues/126
127,AV-EFI/AVefi-Issues,NC-09: URL-Struktur für Navigation vereinheitlichen,CLOSED,Done,implemented_candidate,medium,Product/domain decision,true,UserStory; Backend; Frontend; Epic:Navigation,steffolino,Public Release,Verify whether the current codebase and tests reflect this closed/done issue.,Issue is closed or project status is Done.,nc-09; url-struktur; navigation; vereinheitlichen; userstory; backend; frontend,https://github.com/AV-EFI/AVefi-Issues/issues/127
128,AV-EFI/AVefi-Issues,NC-10: Navigation zwischen Suchtrefferliste und Detailansicht optimieren,OPEN,,qa_or_acceptance_needed,medium,Accessibility/QA,true,UserStory; Frontend; Epic:Navigation,steffolino; tennismann3000,Public Release,Add verification criteria or test coverage expectations.,QA/test/accessibility terminology detected. Missing project status.,nc-10; navigation; zwischen; suchtrefferliste; detailansicht; optimieren; userstory; frontend,https://github.com/AV-EFI/AVefi-Issues/issues/128
129,AV-EFI/AVefi-Issues,RD-01: Rollen- & Rechteverwaltung für redaktionelle Funktionen implementieren,OPEN,,domain_logic_needed,medium,Product/domain decision,true,B L O C K E D; SHOULDHAVE; UserStory; Backend; Epic:Redaktion,steffolino; EOltmanns,,Assign owner area for business/domain decision before implementation.,Domain/business terminology detected. Missing project status. Missing milestone.,rd-01; rollen-; rechteverwaltung; redaktionelle; funktionen; implementieren; shouldhave; userstory; backend; redaktion,https://github.com/AV-EFI/AVefi-Issues/issues/129
130,AV-EFI/AVefi-Issues,RD-02: Änderungs- und Versionshistorie für alle redaktionellen Eingriffe,OPEN,,domain_logic_needed,medium,Product/domain decision,true,B L O C K E D; SHOULDHAVE; UserStory; Backend; Epic:Redaktion,steffolino; EOltmanns,,Assign owner area for business/domain decision before implementation.,Domain/business terminology detected. Missing project status. Missing milestone.,rd-02; änderungs-; versionshistorie; redaktionellen; eingriffe; shouldhave; userstory; backend; redaktion,https://github.com/AV-EFI/AVefi-Issues/issues/130
131,AV-EFI/AVefi-Issues,RD-03: Konflikt-Handling bei paralleler Bearbeitung,OPEN,,domain_logic_needed,medium,Product/domain decision,true,B L O C K E D; UserStory; Backend; UNSCHARF; Epic:Redaktion,steffolino; EOltmanns,,Assign owner area for business/domain decision before implementation.,Domain/business terminology detected. Missing project status. Missing milestone.,rd-03; konflikt-handling; paralleler; bearbeitung; userstory; backend; unscharf; redaktion,https://github.com/AV-EFI/AVefi-Issues/issues/131
132,AV-EFI/AVefi-Issues,"RD-04: Redaktionsmodus für Werk-, Manifestations- und Item-Metadaten",OPEN,,domain_logic_needed,medium,Product/domain decision,true,B L O C K E D; UserStory; Frontend; Epic:Redaktion,steffolino; EOltmanns,,Assign owner area for business/domain decision before implementation.,Domain/business terminology detected. Missing project status. Missing milestone.,rd-04; redaktionsmodus; werk-; manifestations-; item-metadaten; userstory; frontend; redaktion,https://github.com/AV-EFI/AVefi-Issues/issues/132
133,AV-EFI/AVefi-Issues,RD-05: Validierungslogik für Pflicht- und Qualitätsfelder,OPEN,,domain_logic_needed,medium,Product/domain decision,true,B L O C K E D; UserStory; Backend; Epic:Redaktion; Datenqualität,steffolino; EOltmanns,,Assign owner area for business/domain decision before implementation.,Domain/business terminology detected. Missing project status. Missing milestone.,rd-05; validierungslogik; pflicht-; qualitätsfelder; userstory; backend; redaktion; datenqualität,https://github.com/AV-EFI/AVefi-Issues/issues/133
136,AV-EFI/AVefi-Issues,BR-01: Benutzerverwaltung – Rollen müssen definierbar und zuweisbar sein,OPEN,,domain_logic_needed,medium,Product/domain decision,true,B L O C K E D; SHOULDHAVE; UserStory; Backend; Epic:BenutzerRollenRedaktion,EOltmanns,,Assign owner area for business/domain decision before implementation.,Domain/business terminology detected. Missing project status. Missing milestone.,br-01; benutzerverwaltung; rollen; müssen; definierbar; zuweisbar; shouldhave; userstory; backend; benutzerrollenredaktion,https://github.com/AV-EFI/AVefi-Issues/issues/136
138,AV-EFI/AVefi-Issues,BR-03: Redakteure müssen Metadatensätze bearbeiten können (Werk/Manifestation/Item),OPEN,,domain_logic_needed,medium,Product/domain decision,true,B L O C K E D; UserStory; Backend; UNSCHARF; Frontend; Epic:BenutzerRollenRedaktion,EOltmanns,,Assign owner area for business/domain decision before implementation.,Domain/business terminology detected. Missing project status. Missing milestone.,br-03; redakteure; müssen; metadatensätze; bearbeiten; können; manifestation; userstory; backend; unscharf,https://github.com/AV-EFI/AVefi-Issues/issues/138
139,AV-EFI/AVefi-Issues,BR-04: Änderungen an Metadaten müssen revisionssicher gespeichert werden,OPEN,,domain_logic_needed,medium,Product/domain decision,true,B L O C K E D; UserStory; Backend; Epic:BenutzerRollenRedaktion,EOltmanns,,Assign owner area for business/domain decision before implementation.,Domain/business terminology detected. Missing project status. Missing milestone.,br-04; änderungen; metadaten; müssen; revisionssicher; gespeichert; werden; userstory; backend; benutzerrollenredaktion,https://github.com/AV-EFI/AVefi-Issues/issues/139
140,AV-EFI/AVefi-Issues,BR-05: Redaktioneller Freigabeprozess (Review → Approve → Publish),OPEN,,domain_logic_needed,medium,Product/domain decision,true,B L O C K E D; UserStory; Backend; UNSCHARF; Frontend; Epic:BenutzerRollenRedaktion,EOltmanns,,Assign owner area for business/domain decision before implementation.,Domain/business terminology detected. Missing project status. Missing milestone.,br-05; redaktioneller; freigabeprozess; review; approve; publish; userstory; backend; unscharf; frontend,https://github.com/AV-EFI/AVefi-Issues/issues/140
141,AV-EFI/AVefi-Issues,BR-06: Nutzerprofil – Basisdaten einsehen & bearbeiten,OPEN,,domain_logic_needed,medium,Product/domain decision,true,B L O C K E D; UserStory; Frontend; Epic:BenutzerRollenRedaktion,EOltmanns,,Assign owner area for business/domain decision before implementation.,Domain/business terminology detected. Missing project status. Missing milestone.,br-06; nutzerprofil; basisdaten; einsehen; bearbeiten; userstory; frontend; benutzerrollenredaktion,https://github.com/AV-EFI/AVefi-Issues/issues/141
143,AV-EFI/AVefi-Issues,BR-08: Aktivitätslog für redaktionelle Aktionen,OPEN,,domain_logic_needed,medium,Product/domain decision,true,B L O C K E D; UserStory; Backend; Epic:BenutzerRollenRedaktion,EOltmanns,,Assign owner area for business/domain decision before implementation.,Domain/business terminology detected. Missing project status. Missing milestone.,br-08; aktivitätslog; redaktionelle; aktionen; userstory; backend; benutzerrollenredaktion,https://github.com/AV-EFI/AVefi-Issues/issues/143
144,AV-EFI/AVefi-Issues,BR-09: Zugriff auf interne Funktionen muss klar geregelt und geprüft sein,OPEN,,domain_logic_needed,medium,Product/domain decision,true,B L O C K E D; SHOULDHAVE; UserStory; Backend; Technical-Blocker; Epic:BenutzerRollenRedaktion,EOltmanns,,Assign owner area for business/domain decision before implementation.,Domain/business terminology detected. Missing project status. Missing milestone.,br-09; zugriff; interne; funktionen; geregelt; geprüft; shouldhave; userstory; backend; technical-blocker,https://github.com/AV-EFI/AVefi-Issues/issues/144
134,AV-EFI/AVefi-Issues,RD-06: Redaktions-Dashboard für offene Aufgaben und Qualitätsprobleme,OPEN,,duplicate_candidate,medium,Product/domain decision,true,B L O C K E D; UserStory; Frontend; Epic:Redaktion,steffolino; EOltmanns,,Find and link likely canonical issue before closing or merging.,"Duplicate/dublette signal found in title, body, or labels. Missing project status. Missing milestone.",rd-06; redaktions-dashboard; offene; aufgaben; qualitätsprobleme; userstory; frontend; redaktion,https://github.com/AV-EFI/AVefi-Issues/issues/134
145,AV-EFI/AVefi-Issues,RECS-01: Ähnliche Filme algorithmisch bestimmen (Basislogik),OPEN,,domain_logic_needed,medium,Product/domain decision,true,B L O C K E D; UserStory; Backend; UNSCHARF; Epic:Recommendations,EOltmanns,,Assign owner area for business/domain decision before implementation.,Domain/business terminology detected. Missing project status. Missing milestone.,recs-01; ähnliche; filme; algorithmisch; bestimmen; basislogik; userstory; backend; unscharf; recommendations,https://github.com/AV-EFI/AVefi-Issues/issues/145
146,AV-EFI/AVefi-Issues,RECS-02: Ähnliche Filme in der Werkansicht anzeigen,OPEN,,domain_logic_needed,medium,Product/domain decision,true,B L O C K E D; UserStory; Frontend; Epic:Recommendations,EOltmanns,,Assign owner area for business/domain decision before implementation.,Domain/business terminology detected. Missing project status. Missing milestone.,recs-02; ähnliche; filme; werkansicht; anzeigen; userstory; frontend; recommendations,https://github.com/AV-EFI/AVefi-Issues/issues/146
147,AV-EFI/AVefi-Issues,RECS-03: Ähnlichkeitskriterien transparent darstellen,OPEN,,backend_or_data_needed,medium,Backend/API/indexing,true,B L O C K E D; SHOULDHAVE; UserStory; Backend; UNSCHARF; Frontend; Epic:Recommendations,EOltmanns,,Assign backend/data owner or confirm frontend dependency.,"Backend, data, API, indexing, or schema terminology detected. Missing project status. Missing milestone.",recs-03; ähnlichkeitskriterien; transparent; darstellen; shouldhave; userstory; backend; unscharf; frontend; recommendations,https://github.com/AV-EFI/AVefi-Issues/issues/147
148,AV-EFI/AVefi-Issues,RECS-04: API-Endpoint für Recommendations bereitstellen,OPEN,,domain_logic_needed,medium,Product/domain decision,true,SHOULDHAVE; UserStory; Backend; Epic:Recommendations,EOltmanns,,Assign owner area for business/domain decision before implementation.,Domain/business terminology detected. Missing project status. Missing milestone.,recs-04; api-endpoint; recommendations; bereitstellen; shouldhave; userstory; backend,https://github.com/AV-EFI/AVefi-Issues/issues/148
150,AV-EFI/AVefi-Issues,"EXPORT-01: Exportfunktionen für Werk-, Manifestations- und Item-Daten definieren und vereinheitlichen",OPEN,,domain_logic_needed,medium,Product/domain decision,true,UserStory; Backend; UNSCHARF; Frontend; Epic:Exporte,JStratil; tennismann3000; C-Stemmler,,Assign owner area for business/domain decision before implementation.,Domain/business terminology detected. Missing project status. Missing milestone.,export-01; exportfunktionen; werk-; manifestations-; item-daten; definieren; vereinheitlichen; userstory; backend; unscharf,https://github.com/AV-EFI/AVefi-Issues/issues/150
151,AV-EFI/AVefi-Issues,DQ-09: Harmonisierung von Genre „Dokumentation“ / „Documentary“,OPEN,,domain_logic_needed,medium,Product/domain decision,true,UserStory; Backend; UNSCHARF; Frontend; Epic:Datenqualität,tennismann3000,,Assign owner area for business/domain decision before implementation.,Domain/business terminology detected. Missing project status. Missing milestone.,dq-09; harmonisierung; genre; dokumentation; documentary; userstory; backend; unscharf; frontend; datenqualität,https://github.com/AV-EFI/AVefi-Issues/issues/151
153,AV-EFI/AVefi-Issues,BR-10: Bereitstellung GWDG Keycloak,OPEN,,domain_logic_needed,medium,Product/domain decision,true,UserStory; Backend; Technical-Blocker; Epic:BenutzerRollenRedaktion,EOltmanns,,Assign owner area for business/domain decision before implementation.,Domain/business terminology detected. Missing project status. Missing milestone.,br-10; bereitstellung; keycloak; userstory; backend; technical-blocker; benutzerrollenredaktion,https://github.com/AV-EFI/AVefi-Issues/issues/153
154,AV-EFI/AVefi-Issues,FI-05: Match & Merge um Backend bereitstellen,OPEN,,needs_clarification,medium,Product/domain decision,true,SHOULDHAVE; Filmidentifikatorenansicht & Redaktionssystem; Epic:Filmidentifikatoren,EOltmanns,,Rewrite with acceptance criteria or ask for clarification.,Issue has little or no descriptive body/title content. Missing project status. Missing milestone.,fi-05; match; merge; backend; bereitstellen; shouldhave; filmidentifikatorenansicht; redaktionssystem; filmidentifikatoren,https://github.com/AV-EFI/AVefi-Issues/issues/154
93,AV-EFI/AVefi-Issues,FI-01: Duplikate von Filmen erkennen und anzeigen,OPEN,,duplicate_candidate,medium,Product/domain decision,true,B L O C K E D; SHOULDHAVE; UserStory; Backend; UNSCHARF; Epic:Filmidentifikatoren,EOltmanns,,Find and link likely canonical issue before closing or merging.,"Duplicate/dublette signal found in title, body, or labels. Missing project status. Missing milestone.",fi-01; duplikate; filmen; erkennen; anzeigen; shouldhave; userstory; backend; unscharf; filmidentifikatoren,https://github.com/AV-EFI/AVefi-Issues/issues/93
94,AV-EFI/AVefi-Issues,DQ-01: Vollständigkeitsindikator auf Werk-Ebene anzeigen,OPEN,,domain_logic_needed,medium,Product/domain decision,true,SHOULDHAVE; UserStory; Frontend; Epic:Datenqualität,EOltmanns; tennismann3000; C-Stemmler,,Assign owner area for business/domain decision before implementation.,Domain/business terminology detected. Missing project status. Missing milestone.,dq-01; vollständigkeitsindikator; werk-ebene; anzeigen; shouldhave; userstory; frontend; datenqualität,https://github.com/AV-EFI/AVefi-Issues/issues/94
95,AV-EFI/AVefi-Issues,DQ-02: Vollständigkeitsindikator auf Manifestationsebene anzeigen,CLOSED,Done,implemented_candidate,medium,Product/domain decision,true,SHOULDHAVE; UserStory; Frontend; Epic:Datenqualität,steffolino; EOltmanns,,Verify whether the current codebase and tests reflect this closed/done issue.,Issue is closed or project status is Done. Missing milestone.,dq-02; vollständigkeitsindikator; manifestationsebene; anzeigen; shouldhave; userstory; frontend; datenqualität,https://github.com/AV-EFI/AVefi-Issues/issues/95
96,AV-EFI/AVefi-Issues,DQ-03: Vollständigkeitsindikator auf Item-Ebene anzeigen,CLOSED,Done,implemented_candidate,medium,Product/domain decision,true,SHOULDHAVE; UserStory; Frontend; Epic:Datenqualität,steffolino; EOltmanns,,Verify whether the current codebase and tests reflect this closed/done issue.,Issue is closed or project status is Done. Missing milestone.,dq-03; vollständigkeitsindikator; item-ebene; anzeigen; shouldhave; userstory; frontend; datenqualität,https://github.com/AV-EFI/AVefi-Issues/issues/96
97,AV-EFI/AVefi-Issues,"DQ-04: Fehlende Felder pro Ebene anzeigen (Werk, Manifestation, Item)",CLOSED,Done,implemented_candidate,medium,Product/domain decision,true,MUSTHAVE; UserStory; Frontend; Epic:Datenqualität,steffolino; tennismann3000,,Verify whether the current codebase and tests reflect this closed/done issue.,Issue is closed or project status is Done. Missing milestone.,dq-04; fehlende; felder; ebene; anzeigen; manifestation; musthave; userstory; frontend; datenqualität,https://github.com/AV-EFI/AVefi-Issues/issues/97
98,AV-EFI/AVefi-Issues,DQ-05: Einheitliches Farbsystem für Datenvollständigkeit definieren,CLOSED,Done,implemented_candidate,medium,Backend/API/indexing,true,SHOULDHAVE; UserStory; UNSCHARF; Frontend; Accessibility; Epic:Datenqualität,steffolino,,Verify whether the current codebase and tests reflect this closed/done issue.,Issue is closed or project status is Done. Missing milestone.,dq-05; einheitliches; farbsystem; datenvollständigkeit; definieren; shouldhave; userstory; unscharf; frontend; accessibility,https://github.com/AV-EFI/AVefi-Issues/issues/98
99,AV-EFI/AVefi-Issues,DQ-06: Fehlende Pflichtfelder beim Import/Sync erkennen und markieren,CLOSED,Done,implemented_candidate,medium,Backend/API/indexing,true,UserStory; Backend; UNSCHARF; Epic:Datenqualität,EOltmanns,,Verify whether the current codebase and tests reflect this closed/done issue.,Issue is closed or project status is Done. Missing milestone.,dq-06; fehlende; pflichtfelder; import; erkennen; markieren; userstory; backend; unscharf; datenqualität,https://github.com/AV-EFI/AVefi-Issues/issues/99
101,AV-EFI/AVefi-Issues,DQ-08: Datenqualität als Facetten-Filter anbieten,CLOSED,Done,implemented_candidate,medium,Product/domain decision,true,SHOULDHAVE; UNSCHARF; Search,steffolino,,Verify whether the current codebase and tests reflect this closed/done issue.,Issue is closed or project status is Done. Missing milestone.,dq-08; datenqualität; facetten-filter; anbieten; shouldhave; unscharf; search,https://github.com/AV-EFI/AVefi-Issues/issues/101
102,AV-EFI/AVefi-Issues,HS-01: Herkunft und Herausgeber eines Film-Metadatensatzes klar anzeigen,CLOSED,Done,implemented_candidate,medium,Backend/API/indexing,true,UserStory; Frontend; Epic:Herausgeber,steffolino,,Verify whether the current codebase and tests reflect this closed/done issue.,Issue is closed or project status is Done. Missing milestone.,hs-01; herkunft; herausgeber; film-metadatensatzes; anzeigen; userstory; frontend,https://github.com/AV-EFI/AVefi-Issues/issues/102
104,AV-EFI/AVefi-Issues,HS-02: Übersicht aller Datenquellen (Herausgeber) bereitstellen,CLOSED,Done,implemented_candidate,medium,Product/domain decision,true,UserStory; UNSCHARF; Frontend; Epic:Herausgeber,tennismann3000,,Verify whether the current codebase and tests reflect this closed/done issue.,Issue is closed or project status is Done. Missing milestone.,hs-02; übersicht; aller; datenquellen; herausgeber; bereitstellen; userstory; unscharf; frontend,https://github.com/AV-EFI/AVefi-Issues/issues/104
105,AV-EFI/AVefi-Issues,HS-03: Filter nach herausgebender Institution ermöglichen,CLOSED,Done,implemented_candidate,medium,Product/domain decision,true,MUSTHAVE; UserStory; Search; Epic:Herausgeber,tennismann3000,,Verify whether the current codebase and tests reflect this closed/done issue.,Issue is closed or project status is Done. Missing milestone.,hs-03; filter; herausgebender; institution; ermöglichen; musthave; userstory; search; herausgeber,https://github.com/AV-EFI/AVefi-Issues/issues/105
106,AV-EFI/AVefi-Issues,HS-04: Herausgeber-Badge in Trefferliste anzeigen,CLOSED,Done,implemented_candidate,medium,Product/domain decision,true,UserStory; Frontend; Epic:Herausgeber,steffolino,,Verify whether the current codebase and tests reflect this closed/done issue.,Issue is closed or project status is Done. Missing milestone.,hs-04; herausgeber-badge; trefferliste; anzeigen; userstory; frontend; herausgeber,https://github.com/AV-EFI/AVefi-Issues/issues/106
107,AV-EFI/AVefi-Issues,HS-05: Herausgeber-Informationen müssen mehrsprachig dargestellt werden,CLOSED,Done,implemented_candidate,medium,Backend/API/indexing,true,UserStory; Frontend; Epic:Herausgeber,steffolino,,Verify whether the current codebase and tests reflect this closed/done issue.,Issue is closed or project status is Done. Missing milestone.,hs-05; herausgeber-informationen; müssen; mehrsprachig; dargestellt; werden; userstory; frontend; herausgeber,https://github.com/AV-EFI/AVefi-Issues/issues/107
108,AV-EFI/AVefi-Issues,LG-01: Oberfläche vollständig mehrsprachig darstellen (Frontend),CLOSED,Done,implemented_candidate,medium,Accessibility/QA,true,MUSTHAVE; UserStory; Frontend; Epic:Mehrsprachigkeit,JStratil; EOltmanns; C-Stemmler,,Verify whether the current codebase and tests reflect this closed/done issue.,Issue is closed or project status is Done. Missing milestone.,lg-01; oberfläche; vollständig; mehrsprachig; darstellen; frontend; musthave; userstory; mehrsprachigkeit,https://github.com/AV-EFI/AVefi-Issues/issues/108
109,AV-EFI/AVefi-Issues,LG-02: Mehrsprachige Anzeige von Titeln und Metadaten,CLOSED,Done,implemented_candidate,medium,Product/domain decision,true,MUSTHAVE; UserStory; Frontend; Epic:Mehrsprachigkeit,steffolino; JStratil; EOltmanns,,Verify whether the current codebase and tests reflect this closed/done issue.,Issue is closed or project status is Done. Missing milestone.,lg-02; mehrsprachige; anzeige; titeln; metadaten; musthave; userstory; frontend; mehrsprachigkeit,https://github.com/AV-EFI/AVefi-Issues/issues/109
111,AV-EFI/AVefi-Issues,"LG-04: Mehrsprachige Tooltips, Hinweise und Glossar-Integration",CLOSED,Done,implemented_candidate,medium,Accessibility/QA,true,SHOULDHAVE; UserStory; Frontend; Epic:Mehrsprachigkeit,steffolino,,Verify whether the current codebase and tests reflect this closed/done issue.,Issue is closed or project status is Done. Missing milestone.,lg-04; mehrsprachige; tooltips; hinweise; glossar-integration; shouldhave; userstory; frontend; mehrsprachigkeit,https://github.com/AV-EFI/AVefi-Issues/issues/111
112,AV-EFI/AVefi-Issues,LG-05: Sprachabhängige Darstellung von exemplarischen Datenquellen,CLOSED,Done,implemented_candidate,medium,Product/domain decision,true,MUSTHAVE; UserStory; UNSCHARF; Epic:Mehrsprachigkeit,steffolino,,Verify whether the current codebase and tests reflect this closed/done issue.,Issue is closed or project status is Done. Missing milestone.,lg-05; sprachabhängige; darstellung; exemplarischen; datenquellen; musthave; userstory; unscharf; mehrsprachigkeit,https://github.com/AV-EFI/AVefi-Issues/issues/112
119,AV-EFI/AVefi-Issues,NC-01: Rücksprung zur Suche muss ursprünglichen Zustand herstellen,CLOSED,Done,implemented_candidate,medium,Backend/API/indexing,true,SHOULDHAVE; UserStory; Frontend; Epic:Navigation,tennismann3000,Public Release,Verify whether the current codebase and tests reflect this closed/done issue.,Issue is closed or project status is Done.,nc-01; rücksprung; suche; ursprünglichen; zustand; herstellen; shouldhave; userstory; frontend; navigation,https://github.com/AV-EFI/AVefi-Issues/issues/119
120,AV-EFI/AVefi-Issues,NC-02: Breadcrumb zwischen Werk → Manifestation → Item,CLOSED,Done,implemented_candidate,medium,Product/domain decision,true,UserStory; Frontend; Epic:Navigation,steffolino,Public Release,Verify whether the current codebase and tests reflect this closed/done issue.,Issue is closed or project status is Done.,nc-02; breadcrumb; zwischen; manifestation; userstory; frontend; navigation,https://github.com/AV-EFI/AVefi-Issues/issues/120
121,AV-EFI/AVefi-Issues,NC-03: Seitenwechsel darf Filter & Scrollposition nicht verlieren,CLOSED,Done,implemented_candidate,medium,Product/domain decision,true,UserStory; Frontend; Epic:Navigation,steffolino,Public Release,Verify whether the current codebase and tests reflect this closed/done issue.,Issue is closed or project status is Done.,nc-03; seitenwechsel; filter; scrollposition; nicht; verlieren; userstory; frontend; navigation,https://github.com/AV-EFI/AVefi-Issues/issues/121
122,AV-EFI/AVefi-Issues,NC-04: Tektonik-Navigation muss stabil und konsistent funktionieren,CLOSED,Done,implemented_candidate,medium,Product/domain decision,true,UserStory; UNSCHARF; Frontend; Epic:Navigation,steffolino,Public Release,Verify whether the current codebase and tests reflect this closed/done issue.,Issue is closed or project status is Done.,nc-04; tektonik-navigation; stabil; konsistent; funktionieren; userstory; unscharf; frontend; navigation,https://github.com/AV-EFI/AVefi-Issues/issues/122
123,AV-EFI/AVefi-Issues,NC-05: Persistent Tabs auf Werk- und Manifestationsebene,CLOSED,Done,implemented_candidate,medium,Product/domain decision,true,UserStory; Frontend; Epic:Navigation,steffolino,Public Release,Verify whether the current codebase and tests reflect this closed/done issue.,Issue is closed or project status is Done.,nc-05; persistent; werk-; manifestationsebene; userstory; frontend; navigation,https://github.com/AV-EFI/AVefi-Issues/issues/123
124,AV-EFI/AVefi-Issues,NC-06: Navigation muss für Screenreader nachvollziehbar sein (A11y),CLOSED,Done,implemented_candidate,medium,Accessibility/QA,true,UserStory; Accessibility; Epic:Navigation,steffolino,Public Release,Verify whether the current codebase and tests reflect this closed/done issue.,Issue is closed or project status is Done.,nc-06; navigation; screenreader; nachvollziehbar; userstory; accessibility,https://github.com/AV-EFI/AVefi-Issues/issues/124
125,AV-EFI/AVefi-Issues,NC-07: „Im neuen Tab öffnen“ klar anbieten,CLOSED,Done,implemented_candidate,medium,Backend/API/indexing,true,UserStory; Frontend; Epic:Navigation,steffolino,Public Release,Verify whether the current codebase and tests reflect this closed/done issue.,Issue is closed or project status is Done.,nc-07; neuen; öffnen; anbieten; userstory; frontend; navigation,https://github.com/AV-EFI/AVefi-Issues/issues/125
75,AV-EFI/AVefi-Issues,PID-01: PID für einen Film-Metadatensatz registrieren,OPEN,,domain_logic_needed,medium,Product/domain decision,true,SHOULDHAVE; UserStory; Epic:PID-Verwaltung; Backend; Technical-Blocker,EOltmanns,,Assign owner area for business/domain decision before implementation.,Domain/business terminology detected. Missing project status. Missing milestone.,pid-01; film-metadatensatz; registrieren; shouldhave; userstory; pid-verwaltung; backend; technical-blocker,https://github.com/AV-EFI/AVefi-Issues/issues/75
77,AV-EFI/AVefi-Issues,PID-03: PID eines Film-Metadatensatzes auflösen (Resolve aus Handle-System),OPEN,,domain_logic_needed,medium,Product/domain decision,true,UserStory; Epic:PID-Verwaltung; Backend; Technical-Blocker,EOltmanns,,Assign owner area for business/domain decision before implementation.,Domain/business terminology detected. Missing project status. Missing milestone.,pid-03; film-metadatensatzes; auflösen; resolve; handle-system; userstory; pid-verwaltung; backend; technical-blocker,https://github.com/AV-EFI/AVefi-Issues/issues/77
78,AV-EFI/AVefi-Issues,PID-04: Versionierung für PID-bezogene Metadatensätze definieren,OPEN,,domain_logic_needed,medium,Product/domain decision,true,UserStory; Epic:PID-Verwaltung; Backend; UNSCHARF,EOltmanns,,Assign owner area for business/domain decision before implementation.,Domain/business terminology detected. Missing project status. Missing milestone.,pid-04; versionierung; pid-bezogene; metadatensätze; definieren; userstory; pid-verwaltung; backend; unscharf,https://github.com/AV-EFI/AVefi-Issues/issues/78
79,AV-EFI/AVefi-Issues,PID-05: Dublettenprüfung über PID implementieren,OPEN,,duplicate_candidate,medium,Product/domain decision,true,UserStory; Epic:PID-Verwaltung; Backend; UNSCHARF,EOltmanns,,Find and link likely canonical issue before closing or merging.,"Duplicate/dublette signal found in title, body, or labels. Missing project status. Missing milestone.",pid-05; dublettenprüfung; implementieren; userstory; pid-verwaltung; backend; unscharf,https://github.com/AV-EFI/AVefi-Issues/issues/79
86,AV-EFI/AVefi-Issues,MI-06: Tektonische Übersicht von Manifestationen und Items anzeigen,OPEN,,domain_logic_needed,medium,Product/domain decision,true,UserStory; UNSCHARF; Epic:ManifestationItem,tennismann3000; C-Stemmler,,Assign owner area for business/domain decision before implementation.,Domain/business terminology detected. Missing project status. Missing milestone.,mi-06; tektonische; übersicht; manifestationen; items; anzeigen; userstory; unscharf; manifestationitem,https://github.com/AV-EFI/AVefi-Issues/issues/86
90,AV-EFI/AVefi-Issues,FI-04: Konflikte oder unklare Identifikatoren anzeigen,CLOSED,Done,implemented_candidate,medium,Product/domain decision,true,SHOULDHAVE; UserStory; UNSCHARF; Frontend; Epic:Filmidentifikatoren,EOltmanns,,Verify whether the current codebase and tests reflect this closed/done issue.,Issue is closed or project status is Done. Missing milestone.,fi-04; konflikte; unklare; identifikatoren; anzeigen; shouldhave; userstory; unscharf; frontend; filmidentifikatoren,https://github.com/AV-EFI/AVefi-Issues/issues/90
91,AV-EFI/AVefi-Issues,FI-03: Identifikatoren bearbeiten und verwalten (Redaktionssystem),OPEN,,domain_logic_needed,medium,Product/domain decision,true,B L O C K E D; SHOULDHAVE; UserStory; Backend; Epic:Filmidentifikatoren,EOltmanns,,Assign owner area for business/domain decision before implementation.,Domain/business terminology detected. Missing project status. Missing milestone.,fi-03; identifikatoren; bearbeiten; verwalten; redaktionssystem; shouldhave; userstory; backend; filmidentifikatoren,https://github.com/AV-EFI/AVefi-Issues/issues/91
156,AV-EFI/AVefi-Issues,SEARCH-08: Experten Modus und Einfachen Modus anbieten,OPEN,,backend_or_data_needed,medium,Backend/API/indexing,true,UserStory; UNSCHARF; Search; Frontend,steffolino,,Assign backend/data owner or confirm frontend dependency.,"Backend, data, API, indexing, or schema terminology detected. Missing project status. Missing milestone.",search-08; experten; modus; einfachen; anbieten; userstory; unscharf; search; frontend,https://github.com/AV-EFI/AVefi-Issues/issues/156
157,AV-EFI/AVefi-Issues,SEO-01: Als Google- oder KI-Nutzer möchte ich gerne die Informationen von AVefi verfügbar haben,CLOSED,Done,implemented_candidate,medium,Backend/API/indexing,true,,steffolino,,Verify whether the current codebase and tests reflect this closed/done issue.,Issue is closed or project status is Done. Missing milestone. Missing labels.,seo-01; google-; ki-nutzer; gerne; informationen; avefi; verfügbar; haben,https://github.com/AV-EFI/AVefi-Issues/issues/157
158,AV-EFI/AVefi-Issues,SEO-02: Content für SEO optimieren,OPEN,Backlog,backend_or_data_needed,medium,Backend/API/indexing,true,MUSTHAVE; UserStory; SEO,tennismann3000,Public Release,Assign backend/data owner or confirm frontend dependency.,"Backend, data, API, indexing, or schema terminology detected.",seo-02; content; optimieren; musthave; userstory,https://github.com/AV-EFI/AVefi-Issues/issues/158
152,AV-EFI/AVefi-Issues,DQ-10: Größe des Datenbestands,OPEN,Backlog,domain_logic_needed,medium,Product/domain decision,true,SHOULDHAVE; UNSCHARF; Datenqualität,EOltmanns; tennismann3000; matti-stoehr,,Assign owner area for business/domain decision before implementation.,Domain/business terminology detected. Missing milestone.,dq-10; größe; datenbestands; shouldhave; unscharf; datenqualität,https://github.com/AV-EFI/AVefi-Issues/issues/152
161,AV-EFI/AVefi-Issues,"DQ-11: Schema-Anpassungen (TIB, HDF)",OPEN,,domain_logic_needed,medium,Product/domain decision,true,MUSTHAVE; Filmidentifikatorenansicht & Redaktionssystem; UserStory,EOltmanns; tennismann3000,,Assign owner area for business/domain decision before implementation.,Domain/business terminology detected. Missing project status. Missing milestone.,dq-11; schema-anpassungen; musthave; filmidentifikatorenansicht; redaktionssystem; userstory,https://github.com/AV-EFI/AVefi-Issues/issues/161
164,AV-EFI/AVefi-Issues,ANALYTICS-01: Matomo Analytics in AVefi integrieren,CLOSED,Done,implemented_candidate,medium,Backend/API/indexing,true,SHOULDHAVE; Hilfe Feedback Kommunikation; Allgemein Rechtlich Pflicht,steffolino,,Verify whether the current codebase and tests reflect this closed/done issue.,Issue is closed or project status is Done. Missing milestone.,analytics-01; matomo; analytics; avefi; integrieren; shouldhave; hilfe; feedback; kommunikation; allgemein,https://github.com/AV-EFI/AVefi-Issues/issues/164
166,AV-EFI/AVefi-Issues,"INT-EPIC: Improve user interaction (collections, dataset-quality feedback, annotations)",CLOSED,Done,implemented_candidate,medium,Frontend/UI,true,UNSCHARF,steffolino,,Verify whether the current codebase and tests reflect this closed/done issue.,Issue is closed or project status is Done. Missing milestone.,int-epic; improve; interaction; collections; dataset-quality; feedback; annotations; unscharf,https://github.com/AV-EFI/AVefi-Issues/issues/166
169,AV-EFI/AVefi-Issues,SEARCH-11: Clickable facets & entity names,OPEN,Backlog,frontend_work,medium,Frontend/UI,false,SHOULDHAVE; Filmrecherche,steffolino; tennismann3000; C-Stemmler,,Cross-check frontend implementation and decide whether work remains.,Frontend/UI terminology or frontend repository detected. Missing milestone.,search-11; clickable; facets; entity; names; shouldhave; filmrecherche,https://github.com/AV-EFI/AVefi-Issues/issues/169
170,AV-EFI/AVefi-Issues,NORM-01: Normdatenaustausch – Übersicht zu Schlagworten & Genres (PoC → Produktivfeature),OPEN,In Progress,domain_logic_needed,medium,Product/domain decision,true,Datenqualität,steffolino; EOltmanns; tennismann3000,,Assign owner area for business/domain decision before implementation.,Domain/business terminology detected. Missing milestone.,norm-01; normdatenaustausch; übersicht; schlagworten; genres; produktivfeature; datenqualität,https://github.com/AV-EFI/AVefi-Issues/issues/170
188,AV-EFI/AVefi-Issues,CODEQUAL-01: Automatisierte Tests im Frontend implementieren,CLOSED,Done,implemented_candidate,medium,Accessibility/QA,true,UserStory; Technical-Blocker; Frontend,steffolino,,Verify whether the current codebase and tests reflect this closed/done issue.,Issue is closed or project status is Done. Missing milestone.,codequal-01; automatisierte; tests; frontend; implementieren; userstory; technical-blocker,https://github.com/AV-EFI/AVefi-Issues/issues/188
171,AV-EFI/AVefi-Issues,CONTENT-02: FAQ (DE / ENG),OPEN,,frontend_work,medium,Frontend/UI,false,MUSTHAVE,JStratil; tennismann3000,Public Release,Cross-check frontend implementation and decide whether work remains.,Frontend/UI terminology or frontend repository detected. Missing project status.,content-02; musthave,https://github.com/AV-EFI/AVefi-Issues/issues/171
173,AV-EFI/AVefi-Issues,UX-01: Update AVefi Projekt Website UX,CLOSED,Done,implemented_candidate,medium,Product/domain decision,true,Hilfe Feedback Kommunikation,matti-stoehr,,Verify whether the current codebase and tests reflect this closed/done issue.,Issue is closed or project status is Done. Missing milestone.,ux-01; update; avefi; projekt; website; hilfe; feedback; kommunikation,https://github.com/AV-EFI/AVefi-Issues/issues/173
178,AV-EFI/AVefi-Issues,Content-03: Update Projektseite für Public Release,CLOSED,Done,implemented_candidate,medium,Frontend/UI,true,,JStratil; matti-stoehr,,Verify whether the current codebase and tests reflect this closed/done issue.,Issue is closed or project status is Done. Missing milestone. Missing labels.,content-03; update; projektseite; public; release,https://github.com/AV-EFI/AVefi-Issues/issues/178
155,AV-EFI/AVefi-Issues,SEARCH-07: Fuzzy Search funktioniert wie erwartet,OPEN,,backend_or_data_needed,medium,Backend/API/indexing,true,MUSTHAVE; Backend; Search,JStratil; EOltmanns,Public Release,Assign backend/data owner or confirm frontend dependency.,"Backend, data, API, indexing, or schema terminology detected. Missing project status.",search-07; fuzzy; search; funktioniert; erwartet; musthave; backend,https://github.com/AV-EFI/AVefi-Issues/issues/155
187,AV-EFI/AVefi-Issues,PLATFORM-01: Wartungshinweis bei Service-Unterbrechung anzeigen,OPEN,Backlog,frontend_work,medium,Frontend/UI,false,SHOULDHAVE; Hilfe Feedback Kommunikation; UserStory; Frontend,steffolino; JStratil,,Cross-check frontend implementation and decide whether work remains.,Frontend/UI terminology or frontend repository detected. Missing milestone.,platform-01; wartungshinweis; service-unterbrechung; anzeigen; shouldhave; hilfe; feedback; kommunikation; userstory; frontend,https://github.com/AV-EFI/AVefi-Issues/issues/187
174,AV-EFI/AVefi-Issues,EFI-01: EFI-Label im Frontend sichtbarer machen,CLOSED,Done,implemented_candidate,medium,Product/domain decision,true,SHOULDHAVE,steffolino; EOltmanns,,Verify whether the current codebase and tests reflect this closed/done issue.,Issue is closed or project status is Done. Missing milestone.,efi-01; efi-label; frontend; sichtbarer; machen; shouldhave,https://github.com/AV-EFI/AVefi-Issues/issues/174
81,AV-EFI/AVefi-Issues,MI-02: Items müssen gefiltert und konsistent zur Manifestation angezeigt werden,OPEN,,domain_logic_needed,medium,Product/domain decision,true,UserStory; Technical-Blocker; Epic:ManifestationItem; Search,tennismann3000; C-Stemmler,,Assign owner area for business/domain decision before implementation.,Domain/business terminology detected. Missing project status. Missing milestone.,mi-02; items; müssen; gefiltert; konsistent; manifestation; angezeigt; werden; userstory; technical-blocker,https://github.com/AV-EFI/AVefi-Issues/issues/81
199,AV-EFI/AVefi-Issues,GOV-01: Improve Accessibility and Quality of Metadata Group Documentation,CLOSED,Done,implemented_candidate,medium,Backend/API/indexing,true,,steffolino; JStratil,,Verify whether the current codebase and tests reflect this closed/done issue.,Issue is closed or project status is Done. Missing milestone. Missing labels.,gov-01; improve; accessibility; quality; metadata; group; documentation,https://github.com/AV-EFI/AVefi-Issues/issues/199
201,AV-EFI/AVefi-Issues,"Verlinkung von ""Hermann Schlenker bei AVefi"" im Carousel",OPEN,,frontend_work,medium,Frontend/UI,false,,steffolino; JStratil,,Cross-check frontend implementation and decide whether work remains.,Frontend/UI terminology or frontend repository detected. Missing project status. Missing milestone. Missing labels.,verlinkung; hermann; schlenker; avefi; carousel,https://github.com/AV-EFI/AVefi-Issues/issues/201
202,AV-EFI/AVefi-Issues,BUG: Duplikate Schlagworte in Datensätzen,OPEN,,domain_logic_needed,medium,Product/domain decision,true,bug,EOltmanns,,Assign owner area for business/domain decision before implementation.,Domain/business terminology detected. Missing project status. Missing milestone.,duplikate; schlagworte; datensätzen,https://github.com/AV-EFI/AVefi-Issues/issues/202
206,AV-EFI/AVefi-Issues,LEGAL-01: Lizenzen für Repos in gitlab und github,OPEN,,qa_or_acceptance_needed,medium,Accessibility/QA,true,Allgemein Rechtlich Pflicht; Epic:Lizenzen,steffolino; EOltmanns,,Add verification criteria or test coverage expectations.,QA/test/accessibility terminology detected. Missing project status. Missing milestone.,legal-01; lizenzen; repos; gitlab; github; allgemein; rechtlich; pflicht,https://github.com/AV-EFI/AVefi-Issues/issues/206
208,AV-EFI/AVefi-Issues,BUG: Anzeige leerer Auswahlmöglichkeiten im Menü für Daten-Export,CLOSED,Done,implemented_candidate,medium,Backend/API/indexing,true,bug,steffolino,,Verify whether the current codebase and tests reflect this closed/done issue.,Issue is closed or project status is Done. Missing milestone.,anzeige; leerer; auswahlmöglichkeiten; daten-export,https://github.com/AV-EFI/AVefi-Issues/issues/208
182,AV-EFI/AVefi-Issues,Highlighting / Scrolldown funktioniert nicht bei Auflösen eines PIDs,OPEN,,domain_logic_needed,medium,Product/domain decision,true,bug; MUSTHAVE; Frontend,EOltmanns; tennismann3000,Public Release,Assign owner area for business/domain decision before implementation.,Domain/business terminology detected. Missing project status.,highlighting; scrolldown; funktioniert; nicht; auflösen; musthave; frontend,https://github.com/AV-EFI/AVefi-Issues/issues/182
194,AV-EFI/AVefi-Issues,BUG: Kübelkind Exemplar Auflösung fkt nicht,OPEN,,domain_logic_needed,medium,Product/domain decision,true,bug,JStratil; tennismann3000,,Assign owner area for business/domain decision before implementation.,Domain/business terminology detected. Missing project status. Missing milestone.,kübelkind; exemplar; auflösung; nicht,https://github.com/AV-EFI/AVefi-Issues/issues/194
203,AV-EFI/AVefi-Issues,BUG: Suchvorschläge in erweiterter Suche referenzieren englische Begriffe,CLOSED,Done,implemented_candidate,medium,Frontend/UI,true,bug,tennismann3000,,Verify whether the current codebase and tests reflect this closed/done issue.,Issue is closed or project status is Done. Missing milestone.,suchvorschläge; erweiterter; suche; referenzieren; englische; begriffe,https://github.com/AV-EFI/AVefi-Issues/issues/203
207,AV-EFI/AVefi-Issues,BUG: Fehlerhafte Zuordnung der Normdaten-IDs,OPEN,,domain_logic_needed,medium,Product/domain decision,true,bug,tennismann3000,,Assign owner area for business/domain decision before implementation.,Domain/business terminology detected. Missing project status. Missing milestone.,fehlerhafte; zuordnung; normdaten-ids,https://github.com/AV-EFI/AVefi-Issues/issues/207
218,AV-EFI/AVefi-Issues,SEARCH-01: Facet result count must always match returned hits,CLOSED,Done,implemented_candidate,medium,Accessibility/QA,true,MUSTHAVE; UserStory; Technical-Blocker; Search,steffolino,,Verify whether the current codebase and tests reflect this closed/done issue.,Issue is closed or project status is Done. Missing milestone.,search-01; facet; result; count; always; match; returned; musthave; userstory; technical-blocker,https://github.com/AV-EFI/AVefi-Issues/issues/218
