issue,title,auditBucket,suggestedOwnerArea,reviewScope,implementationState,matchCount,matchedFiles,searchTerms,suggestedNextStep,issueUrl
AV-EFI/AVefi-Issues#214,Filmidentifikatorenansicht & Redaktionssystem:: Als MA einer filmhaltenden Institution möchte ich Seiten zur Projektvorstellung und die Landing Page redaktionell bearbeiten können  (User Story ID 10),domain_logic_needed,Product/domain decision,false,blocked_external,0,,filmidentifikatorenansicht; redaktionssystem; filmhaltenden; projektvorstellung; landing; index.vue; home; redaktionell; edit; editor; bearbeiten; page,Keep in owner-area review before frontend code verification.,https://github.com/AV-EFI/AVefi-Issues/issues/214
AV-EFI/AVefi-Issues#58,Redaktionelle Bearbeitung von Datensätzen,domain_logic_needed,Product/domain decision,false,blocked_external,0,,redaktionelle; bearbeitung; datensatzen,Keep in owner-area review before frontend code verification.,https://github.com/AV-EFI/AVefi-Issues/issues/58
AV-EFI/AVefi-Issues#60,Datenherkunft / Herausgeber anzeigen,domain_logic_needed,Product/domain decision,false,blocked_external,0,,datenherkunft; herausgeber,Keep in owner-area review before frontend code verification.,https://github.com/AV-EFI/AVefi-Issues/issues/60
AV-EFI/AVefi-Issues#61,Ähnliche Datensätze / Empfehlungssystem,domain_logic_needed,Product/domain decision,false,blocked_external,0,,ahnliche; datensatze; empfehlungssystem,Keep in owner-area review before frontend code verification.,https://github.com/AV-EFI/AVefi-Issues/issues/61
AV-EFI/AVefi-Issues#62,Tektonik der Manifestationen anzeigen,domain_logic_needed,Product/domain decision,false,blocked_external,0,,tektonik; manifestationen,Keep in owner-area review before frontend code verification.,https://github.com/AV-EFI/AVefi-Issues/issues/62
AV-EFI/AVefi-Issues#63,Filmrecherche – gezielte Suche (EPIC),domain_logic_needed,Product/domain decision,false,blocked_external,0,,gezielte; suche; search; epic,Keep in owner-area review before frontend code verification.,https://github.com/AV-EFI/AVefi-Issues/issues/63
AV-EFI/AVefi-Issues#185,ACCESS-01: Seite zur Erklärung Barrierefreiheit,implemented_candidate,Accessibility/QA,true,implemented_but_untested,20,.\components\global\Footer.vue; .\components\search\QueryAutocompleteCore.vue; .\composables\useMatomoTracking.ts; .\i18n\locales\de.ts; .\i18n\locales\en.ts; .\nuxt.config.ts; .\pages\accessibility.vue; .\pages\index.vue,access-01; erklarung; barrierefreiheit; accessibility; a11y,Review code evidence and add or confirm regression coverage before closing.,https://github.com/AV-EFI/AVefi-Issues/issues/185
AV-EFI/AVefi-Issues#110,LG-03: Sprachabhängige Sortierung und Fuzzy-Suche,implemented_candidate,Frontend/UI,true,implemented_but_untested,1,.\i18n\locales\de.ts,lg-03; sprachabhangige; sortierung; fuzzy-suche,Review code evidence and add or confirm regression coverage before closing.,https://github.com/AV-EFI/AVefi-Issues/issues/110
AV-EFI/AVefi-Issues#211,Allgemein: Als Benutzer*in möchte ich allgemeine und rechtliche Informationen über die Seite und das Projekt einsehen können (User Story ID 45),implemented_candidate,Frontend/UI,true,implemented_but_untested,7,.\i18n\locales\de.ts,allgemein; allgemeine; rechtliche; informationen; einsehen; uber,Review code evidence and add or confirm regression coverage before closing.,https://github.com/AV-EFI/AVefi-Issues/issues/211
AV-EFI/AVefi-Issues#213,Filmrecherche: Als Benutzer*in möchte ich semantische Verknüpfungen / Beziehungen zwischen den Datensätzen visuell angezeigt bekommen  (User Story ID 42),implemented_candidate,Backend/API/indexing,true,implemented_but_untested,20,.\app.vue; .\i18n\locales\de.ts; .\models\interfaces\schema\locale_messages.json; .\models\interfaces\schema\vocab.yaml,semantische; verknupfungen; beziehungen; zwischen; datensatzen; visuell; angezeigt; bekommen,Review code evidence and add or confirm regression coverage before closing.,https://github.com/AV-EFI/AVefi-Issues/issues/213
AV-EFI/AVefi-Issues#212,"Performance: Als Benutzer*in erwarte ich, dass die Anwendung schnelle und reaktionsschnelle Suchergebnisse liefert, auch bei großen Datenmengen  (User Story ID 32)",implemented_candidate,Backend/API/indexing,true,implemented_but_untested,20,.\i18n\locales\de.ts; .\MATOMO_SETUP.md; .\models\interfaces\schema\locale_messages.json; .\models\interfaces\schema\vocab.yaml; .\plugins\deferStyles.client.ts; .\RELEASE_NOTES.md; .\server\api\poc\chat.post.ts; .\server\api\poc\facets\agents.post.ts; .\server\api\poc\works\by-handle.get.ts; .\server\api\poc\works\search.post.ts,performance; erwarte; anwendung; schnelle; reaktionsschnelle; suchergebnisse; liefert; gro en; datenmengen,Review code evidence and add or confirm regression coverage before closing.,https://github.com/AV-EFI/AVefi-Issues/issues/212
AV-EFI/AVefi-Issues#33,Filmrecherche: Als Benutzer*in möchte ich Medien (Filme) zitieren können  (User Story ID 6),implemented_candidate,Product/domain decision,true,implemented_but_untested,20,.\components\detail\KeyValueComp.vue; .\components\detail\KeyValueListComp.vue; .\components\detail\SameAsComp.vue; .\components\global\ClipboardComp.vue; .\components\global\JsonTreeViewer.vue; .\components\global\SendValueComp.vue; .\components\global\VocabViewer.vue; .\components\micro\EfiCopyComp.vue; .\components\poster\AvefiPosterComp.vue; .\components\search\InstantSearchTemplateAVefi.vue; .\components\search\ManifestationListSplitView.vue,zitieren; citation; clipboard,Review code evidence and add or confirm regression coverage before closing.,https://github.com/AV-EFI/AVefi-Issues/issues/33
AV-EFI/AVefi-Issues#159,SEO-03: Technische Umsetzung SEO,implemented_candidate,Product/domain decision,true,implemented_but_untested,4,.\components\global\PartnersCarouselComp.vue; .\i18n\locales\de.ts,seo-03; technische; umsetzung,Review code evidence and add or confirm regression coverage before closing.,https://github.com/AV-EFI/AVefi-Issues/issues/159
AV-EFI/AVefi-Issues#222,"Filmrecherche: Als Benutzer*in möchte ich meine Suchpräferenzen anpassen können (z. B. Sortieroptionen, Standardfilter)  (User Story ID 28)",implemented_candidate,Frontend/UI,true,implemented_but_untested,4,.\components\detail\MergeToolListComp.vue; .\i18n\locales\de.ts,meine; suchpraferenzen; anpassen; sortieroptionen; standardfilter,Review code evidence and add or confirm regression coverage before closing.,https://github.com/AV-EFI/AVefi-Issues/issues/222
AV-EFI/AVefi-Issues#35,Filmidentifikatorenansicht & Redaktionssystem:: Als MA einer filmhaltenden Institution möchte ich Datensätze redaktionell bearbeiten  (User Story ID 4),implemented_candidate,Product/domain decision,true,implemented_but_untested,20,.\components\detail\FavouritesListComp.vue; .\components\global\CompareViewEditor.vue; .\components\global\CompareViewEditorStretched.vue; .\components\global\CompareViewProps.vue; .\components\global\CompareViewRaw.vue; .\components\global\ExportDataComp.vue; .\components\global\SwitchGenericComp.vue; .\components\search\GenericIconList.vue; .\components\search\HighlightListComp.vue,filmidentifikatorenansicht; redaktionssystem; filmhaltenden; datensatze; redaktionell; edit; editor; bearbeiten; filmidentifikatorenansicht redaktionssystem,Review code evidence and add or confirm regression coverage before closing.,https://github.com/AV-EFI/AVefi-Issues/issues/35
AV-EFI/AVefi-Issues#36,"Filmrecherche: Als eine nicht-deutsche Benutzer*in möchte ich ""Multi-Language"" Support  (User Story ID 21)",implemented_candidate,Unassigned triage,true,implemented_but_untested,20,.\app.vue; .\assets\scss\main.scss; .\components\global\ReusableCarousel.vue; .\components\home\HomeVideoSection.vue; .\components\poster\AvefiPosterComp.vue; .\composables\useSearchFacetToggle.ts; .\i18n\locales\de.ts; .\i18n\locales\en.ts; .\models\interfaces\schema\avefi_schema_type_utils.ts; .\models\interfaces\schema\avefi_schema.ts,nicht-deutsche; multi-language; support,Review code evidence and add or confirm regression coverage before closing.,https://github.com/AV-EFI/AVefi-Issues/issues/36
AV-EFI/AVefi-Issues#37,"Filmrecherche: Als Benutzer*in möchte ich sehen, welche Daten-Quellen bzw. Herausgeber Daten bei AVefi bereitstellen  (User Story ID 43)",implemented_candidate,Backend/API/indexing,true,implemented_but_untested,5,.\i18n\locales\de.ts; .\models\interfaces\detail-layout-map.ts; .\models\interfaces\schema\locale_messages.json; .\models\interfaces\schema\vocab.yaml; .\server\assets\vocab\locale_messages.json,daten-quellen; herausgeber; bereitstellen,Review code evidence and add or confirm regression coverage before closing.,https://github.com/AV-EFI/AVefi-Issues/issues/37
AV-EFI/AVefi-Issues#38,Filmrecherche: Als Benutzer*in möchte ich Suchverläufe speichern und wieder aufrufen können  (User Story ID 47),implemented_candidate,Frontend/UI,true,implemented_but_untested,6,.\i18n\locales\de.ts; .\server\data\autocomplete_fallbacks.json,suchverlaufe; speichern; wieder; aufrufen,Review code evidence and add or confirm regression coverage before closing.,https://github.com/AV-EFI/AVefi-Issues/issues/38
AV-EFI/AVefi-Issues#39,Filmrecherche: Als Benutzer*in möchte ich Querverbindungen und Verweise direkt einsehen und nutzen können  (User Story ID 23),implemented_candidate,Unassigned triage,true,implemented_but_untested,11,.\i18n\locales\de.ts; .\models\interfaces\schema\locale_messages.json; .\models\interfaces\schema\vocab.yaml; .\server\assets\vocab\locale_messages.json,querverbindungen; verweise; direkt; einsehen; nutzen,Review code evidence and add or confirm regression coverage before closing.,https://github.com/AV-EFI/AVefi-Issues/issues/39
AV-EFI/AVefi-Issues#40,Filmanzeige: Als Benutzer*in möchte ich möglichst schnell zum Quell-Datensatz gelangen (User Story ID 20),implemented_candidate,Backend/API/indexing,true,not_found,0,,moglichst; schnell; quell-datensatz; gelangen,Review manually; no local frontend evidence found from generated search terms.,https://github.com/AV-EFI/AVefi-Issues/issues/40
AV-EFI/AVefi-Issues#41,Filmrecherche: Als Benutzer*in möchte ich zwei oder mehrere Datensätze (Werk-Manifestation-Item) auf ihre Ähnlichkeit prüfen (User Story ID 1),implemented_candidate,Product/domain decision,true,implemented_but_untested,20,.\i18n\locales\de.ts; .\models\interfaces\schema\locale_messages.json; .\models\interfaces\schema\vocab.yaml; .\nuxt.config.ts; .\pages\index.vue,mehrere; datensatze; werk-manifestation-item; ahnlichkeit; prufen; zwei; ihre,Review code evidence and add or confirm regression coverage before closing.,https://github.com/AV-EFI/AVefi-Issues/issues/41
AV-EFI/AVefi-Issues#42,Filmrecherche: Als Benutzer*in möchte ich einen Überblick über die Tektonik der Manifestationen zu einem Werk sehen  (User Story ID 50),implemented_candidate,Product/domain decision,true,implemented_but_untested,20,.\app.vue; .\components\poc\GraphView.vue; .\components\views\ManifestationViewCompAVefi.vue; .\components\views\NormDataSearchOverview.vue; .\i18n\locales\de.ts; .\models\interfaces\schema\locale_messages.json; .\models\interfaces\schema\model.yaml; .\models\interfaces\schema\vocab.yaml; .\nuxt.config.ts; .\pages\filmrel\[prefix]\[id].vue; .\pages\res\[prefix]\[id].vue,uberblick; tektonik; manifestationen; uber; werk,Review code evidence and add or confirm regression coverage before closing.,https://github.com/AV-EFI/AVefi-Issues/issues/42
AV-EFI/AVefi-Issues#43,PID-Verwaltung: Als MA einer filmhaltenden Institution möchte ich eine PID für einen Film-Metadatensatz abfragen  (User Story ID 13),implemented_candidate,Product/domain decision,true,implemented_but_untested,2,.\i18n\locales\de.ts,pid-verwaltung; filmhaltenden; film-metadatensatz; abfragen; verwaltung; pid verwaltung,Review code evidence and add or confirm regression coverage before closing.,https://github.com/AV-EFI/AVefi-Issues/issues/43
AV-EFI/AVefi-Issues#44,"Filmrecherche: Als Benutzer*in möchte ich schnell einsehen können, von welcher Institution/welchen Institutionen ein Metadatensatz stammt (User Story ID 41)",implemented_candidate,Backend/API/indexing,true,implemented_but_untested,5,.\i18n\locales\de.ts,schnell; einsehen; welcher; welchen; institutionen; metadatensatz; stammt,Review code evidence and add or confirm regression coverage before closing.,https://github.com/AV-EFI/AVefi-Issues/issues/44
AV-EFI/AVefi-Issues#45,Filmidentifikatorenansicht & Redaktionssystem:: Als MA einer filmhaltenden Institution möchte ich Duplikate von Filmen ausfindig machen können  (User Story ID 25),implemented_candidate,Product/domain decision,true,implemented_but_untested,7,.\i18n\locales\de.ts; .\scripts\github-project-classify.mjs,filmidentifikatorenansicht; redaktionssystem; filmhaltenden; duplikate; filmen; ausfindig; machen; filmidentifikatorenansicht redaktionssystem,Review code evidence and add or confirm regression coverage before closing.,https://github.com/AV-EFI/AVefi-Issues/issues/45
AV-EFI/AVefi-Issues#46,PID-Verwaltung: Als MA einer filmhaltenden Institution möchte ich eine PID für einen Film-Metadatensatz erstellen (registrieren)  (User Story ID 12),domain_logic_needed,Product/domain decision,false,blocked_external,0,,pid-verwaltung; filmhaltenden; film-metadatensatz; erstellen; registrieren; verwaltung; pid verwaltung,Keep in owner-area review before frontend code verification.,https://github.com/AV-EFI/AVefi-Issues/issues/46
AV-EFI/AVefi-Issues#210,Filmanzeige: Als Benutzer*in möchte ich Datensätze mit allen relevanten Informationen einsehen können  (User Story ID 5),implemented_candidate,Backend/API/indexing,true,implemented_but_untested,14,.\components\poster\AvefiPosterComp.vue; .\i18n\locales\de.ts; .\layouts\default.vue; .\models\formkit-schemas\fk_work.json; .\pages\poster\avefi.vue; .\pages\poster\greynet-avefi.vue; .\RELEASE_NOTES.md,datensatze; allen; relevanten; informationen; einsehen,Review code evidence and add or confirm regression coverage before closing.,https://github.com/AV-EFI/AVefi-Issues/issues/210
AV-EFI/AVefi-Issues#209,Filmanzeige: Als Benutzer*in möchte ich zwischen einer Kurz- und einer Detailansicht eines Datensatzes wechseln können  (User Story ID 9),implemented_candidate,Backend/API/indexing,true,implemented_but_untested,20,.\components\detail\MergeToolListComp.vue; .\i18n\locales\de.ts; .\models\interfaces\schema\locale_messages.json; .\models\interfaces\schema\vocab.yaml; .\pages\compare.vue; .\RELEASE_NOTES.md; .\scripts\github-project-classify.mjs; .\server\assets\vocab\locale_messages.json,zwischen; kurz-; detailansicht; datensatzes; wechseln; userstory; technical-blocker; eines,Review code evidence and add or confirm regression coverage before closing.,https://github.com/AV-EFI/AVefi-Issues/issues/209
AV-EFI/AVefi-Issues#49,Filmidentifikatorenansicht & Redaktionssystem:: Als MA einer filmhaltenden Institution möchte ich zwei oder mehrere Datensätze (Werk-Manifestation-Item) auf ihre Ähnlichkeit prüfen  (User Story ID 24),domain_logic_needed,Product/domain decision,false,blocked_external,0,,filmidentifikatorenansicht; redaktionssystem; filmhaltenden; mehrere; datensatze; werk-manifestation-item; ahnlichkeit; prufen; zwei; ihre; b l o c k e d; filmidentifikatorenansicht redaktionssystem,Keep in owner-area review before frontend code verification.,https://github.com/AV-EFI/AVefi-Issues/issues/49
AV-EFI/AVefi-Issues#50,"Filmidentifikatorenansicht & Redaktionssystem:: Als MA einer filmhaltenden Institution möchte ich bei widersprüchlichen Metadaten zu einem Objekt entscheiden können, welche Metadaten übernommen werden sollen  (User Story ID 40)",domain_logic_needed,Product/domain decision,false,blocked_external,0,,filmidentifikatorenansicht; redaktionssystem; filmhaltenden; widerspruchlichen; metadaten; objekt; entscheiden; ubernommen; werden; sollen; filmidentifikatorenansicht redaktionssystem,Keep in owner-area review before frontend code verification.,https://github.com/AV-EFI/AVefi-Issues/issues/50
AV-EFI/AVefi-Issues#221,"Filmrecherche: Als Benutzer*in möchte ich die Möglichkeit haben, Suchergebnisse oder kuratierte Listen von Filmen in verschiedene Formate (z. B. CSV, PDF, JSON) zu exportieren  (User Story ID 34)",implemented_candidate,Frontend/UI,true,implemented_but_untested,20,.\components\detail\FilmRelatedMaterialsComp.vue; .\components\detail\ManifestationListComp.vue; .\components\detail\PaginationComp.vue; .\components\detail\SameAsComp.vue; .\components\global\ActionContextComp.vue; .\components\global\CompareViewEditor.vue; .\components\global\CompareViewRaw.vue; .\components\global\ContactDrawer.vue; .\components\global\ExportDataComp.vue,moglichkeit; haben; suchergebnisse; kuratierte; listen; filmen; verschiedene; formate; json; exportieren,Review code evidence and add or confirm regression coverage before closing.,https://github.com/AV-EFI/AVefi-Issues/issues/221
AV-EFI/AVefi-Issues#52,Filmidentifikatorenansicht & Redaktionssystem:: Als MA einer filmhaltenden Institution möchte ich Daten übernehmen können  (User Story ID 7),domain_logic_needed,Product/domain decision,false,blocked_external,0,,filmidentifikatorenansicht; redaktionssystem; filmhaltenden; ubernehmen; b l o c k e d; filmidentifikatorenansicht redaktionssystem,Keep in owner-area review before frontend code verification.,https://github.com/AV-EFI/AVefi-Issues/issues/52
AV-EFI/AVefi-Issues#220,Filmrecherche: Als Benutzer*in möchte ich das Suchergebnis mittels Filtern verfeinern  (User Story ID 3),implemented_candidate,Frontend/UI,true,implemented_but_untested,11,.\i18n\locales\de.ts; .\server\api\elastic\normdata\[field].get.ts,suchergebnis; mittels; filtern; verfeinern,Review code evidence and add or confirm regression coverage before closing.,https://github.com/AV-EFI/AVefi-Issues/issues/220
AV-EFI/AVefi-Issues#216,Filmidentifikatorenansicht & Redaktionssystem:: Als MA einer filmhaltenden Institution möchte ich zwei oder mehrere Datensätze (Werk-Manifestation-Item) auf ihre Ähnlichkeit prüfen  (User Story ID 24),implemented_candidate,Product/domain decision,true,implemented_but_untested,20,.\i18n\locales\de.ts; .\models\interfaces\schema\locale_messages.json; .\models\interfaces\schema\vocab.yaml; .\nuxt.config.ts; .\pages\index.vue,filmidentifikatorenansicht; redaktionssystem; filmhaltenden; mehrere; datensatze; werk-manifestation-item; ahnlichkeit; prufen; zwei; ihre,Review code evidence and add or confirm regression coverage before closing.,https://github.com/AV-EFI/AVefi-Issues/issues/216
AV-EFI/AVefi-Issues#7,"Hilfe, Feedback & Kommunikation: Als Benutzer*in möchte ich an Diskussionen über Film-Metadaten teilnehmen können, Rezensionen schreiben und anderen Benutzer*innen Feedback geben  (User Story ID 38)",implemented_candidate,Backend/API/indexing,true,implemented_but_untested,20,.\components\micro\ContactForm.vue; .\composables\poc\usePocApi.ts; .\i18n\locales\de.ts,hilfe; feedback; kommunikation; diskussionen; film-metadaten; teilnehmen; rezensionen; schreiben; uber; anderen; innen; geben; hilfe feedback kommunikation,Review code evidence and add or confirm regression coverage before closing.,https://github.com/AV-EFI/AVefi-Issues/issues/7
AV-EFI/AVefi-Issues#215,Filmidentifikatorenansicht & Redaktionssystem:: Als MA einer filmhaltenden Institution möchte ich ein editierbares Profil haben  (User Story ID 26),domain_logic_needed,Product/domain decision,false,blocked_external,0,,filmidentifikatorenansicht; redaktionssystem; filmhaltenden; editierbares; profil; haben,Keep in owner-area review before frontend code verification.,https://github.com/AV-EFI/AVefi-Issues/issues/215
AV-EFI/AVefi-Issues#9,Filmidentifikatorenansicht & Redaktionssystem:: Als MA einer Filmhaltenden Institution möchte ich Synergie-Effekte nutzen  (User Story ID 27),implemented_candidate,Product/domain decision,true,implemented_but_untested,4,.\i18n\locales\de.ts; .\scripts\github-project-classify.mjs,filmidentifikatorenansicht; redaktionssystem; filmhaltenden; synergie-effekte; nutzen; filmidentifikatorenansicht redaktionssystem,Review code evidence and add or confirm regression coverage before closing.,https://github.com/AV-EFI/AVefi-Issues/issues/9
AV-EFI/AVefi-Issues#10,Filmrecherche: Als Benutzer*in möchte ich Empfehlungen basierend auf den Sehgewohnheiten und Vorlieben von Benutzer*innen mit ähnlichem Geschmack erhalten  (User Story ID 30),implemented_candidate,Unassigned triage,true,implemented_but_untested,12,.\i18n\locales\de.ts; .\models\interfaces\schema\locale_messages.json; .\models\interfaces\schema\vocab.yaml; .\server\assets\vocab\locale_messages.json,empfehlungen; basierend; sehgewohnheiten; vorlieben; innen; ahnlichem; geschmack; erhalten,Review code evidence and add or confirm regression coverage before closing.,https://github.com/AV-EFI/AVefi-Issues/issues/10
AV-EFI/AVefi-Issues#11,Filmidentifikatorenansicht & Redaktionssystem:: Als MA einer filmhaltenden Institution möchte ich einen oder mehrere neue Film-Metadatensätze zum Projekt hinzufügen  (User Story ID 15),implemented_candidate,Product/domain decision,true,implemented,14,.\assets\scss\main.scss; .\i18n\locales\de.ts; .\models\interfaces\schema\locale_messages.json; .\models\interfaces\schema\vocab.yaml; .\nuxt.config.ts; .\scripts\github-project-classify.mjs; .\server\assets\vocab\locale_messages.json; .\tests\unit\components\clickable-facet-value.spec.ts,filmidentifikatorenansicht; redaktionssystem; filmhaltenden; mehrere; film-metadatensatze; hinzufugen; neue; filmidentifikatorenansicht redaktionssystem,Review evidence and acceptance criteria; candidate for keep/close decision batch.,https://github.com/AV-EFI/AVefi-Issues/issues/11
AV-EFI/AVefi-Issues#12,Filmanzeige: Als Benutzer*in möchte ich zwischen verschiedenen Ansichten der Suchergebnisse wechseln  (User Story ID 19),implemented_candidate,Frontend/UI,true,implemented_but_untested,14,.\i18n\locales\de.ts; .\models\interfaces\schema\locale_messages.json; .\models\interfaces\schema\vocab.yaml; .\server\assets\vocab\locale_messages.json,zwischen; verschiedenen; ansichten; suchergebnisse; wechseln,Review code evidence and add or confirm regression coverage before closing.,https://github.com/AV-EFI/AVefi-Issues/issues/12
AV-EFI/AVefi-Issues#13,"Hilfe, Feedback & Kommunikation: Als Benutzer*in möchte ich eine einfache und benutzerfreundliche Anmeldungs- und Registrierungsoption haben  (User Story ID 36)",implemented_candidate,Frontend/UI,true,implemented_but_untested,20,.\components\micro\ContactForm.vue; .\i18n\locales\de.ts; .\i18n\locales\en.ts; .\nuxt.config.ts; .\pages\accessibility.vue,hilfe; feedback; kommunikation; einfache; benutzerfreundliche; anmeldungs-; registrierungsoption; haben; hilfe feedback kommunikation,Review code evidence and add or confirm regression coverage before closing.,https://github.com/AV-EFI/AVefi-Issues/issues/13
AV-EFI/AVefi-Issues#14,"Hilfe, Feedback & Kommunikation: Als Benutzer*in möchte ich kontextabhängige Hilfe und Erklärungen erhalten  (User Story ID 37)",implemented_candidate,Frontend/UI,true,implemented_but_untested,19,.\components\micro\ContactForm.vue; .\i18n\locales\de.ts; .\i18n\locales\en.ts; .\pages\accessibility.vue; .\pages\faq.vue; .\pages\vocab.vue,hilfe; feedback; kommunikation; kontextabhangige; erklarungen; erhalten; hilfe feedback kommunikation,Review code evidence and add or confirm regression coverage before closing.,https://github.com/AV-EFI/AVefi-Issues/issues/14
AV-EFI/AVefi-Issues#15,"Filmrecherche: Als Benutzer*in möchte ich Benachrichtigungen über relevante Updates oder neue Inhalte erhalten, die meinen Interessen oder früheren Suchanfragen entsprechen.  (User Story ID 31)",implemented_candidate,Frontend/UI,true,implemented_but_untested,20,.\assets\scss\main.scss; .\components\global\VocabViewer.vue; .\components\micro\ContactForm.vue; .\components\search\InstantSearchTemplateAVefi.vue; .\composables\useSearchFacetToggle.ts; .\composables\useSearchSuggestions.ts; .\i18n\locales\de.ts,benachrichtigungen; relevante; updates; inhalte; erhalten; meinen; interessen; fruheren; uber; neue; suchanfragen; entsprechen,Review code evidence and add or confirm regression coverage before closing.,https://github.com/AV-EFI/AVefi-Issues/issues/15
AV-EFI/AVefi-Issues#16,Filmanzeige: Als Benutzer*in möchte ich eine Liste von zusammenhängenden Filmen erstellen  (User Story ID 14),implemented_candidate,Unassigned triage,true,implemented_but_untested,20,.\components\detail\ManifestationListComp.vue; .\components\detail\PaginationComp.vue; .\components\detail\SameAsComp.vue; .\components\global\ContactDrawer.vue; .\components\global\NavBar.vue; .\components\global\TooltipInfo.vue; .\components\input\VueSlider.vue; .\components\search\ClickableFacetValue.vue,liste; zusammenhangenden; filmen; erstellen,Review code evidence and add or confirm regression coverage before closing.,https://github.com/AV-EFI/AVefi-Issues/issues/16
AV-EFI/AVefi-Issues#17,Filmrecherche: Als Benutzer*in möchte ich einen technische Übersicht über exportierbare und importierbare Formate erhalten (User Story ID 39),implemented_candidate,Backend/API/indexing,true,implemented_but_untested,8,.\components\global\PartnersCarouselComp.vue; .\i18n\locales\de.ts,technische; ubersicht; exportierbare; importierbare; formate; erhalten; uber,Review code evidence and add or confirm regression coverage before closing.,https://github.com/AV-EFI/AVefi-Issues/issues/17
AV-EFI/AVefi-Issues#18,"Hilfe, Feedback & Kommunikation: Als Benutzer*in möchte ich kontextabhängiges Feedback geben  (User Story ID 49)",implemented_candidate,Frontend/UI,true,implemented_but_untested,20,.\components\micro\ContactForm.vue; .\composables\poc\usePocApi.ts; .\i18n\locales\de.ts; .\i18n\locales\en.ts; .\models\interfaces\schema\locale_messages.json; .\models\interfaces\schema\vocab.yaml; .\pages\accessibility.vue; .\pages\faq.vue,hilfe; feedback; kommunikation; kontextabhangiges; geben; hilfe feedback kommunikation,Review code evidence and add or confirm regression coverage before closing.,https://github.com/AV-EFI/AVefi-Issues/issues/18
AV-EFI/AVefi-Issues#19,Filmrecherche: Als Benutzer*in möchte ich die Suchergebnisse nach meinen Bedürfnissen anpassen  (User Story ID 48),implemented_candidate,Frontend/UI,true,implemented_but_untested,20,.\composables\poc\usePocApi.ts; .\i18n\locales\de.ts; .\i18n\locales\en.ts; .\models\interfaces\detail-layout-map.ts; .\models\interfaces\schema\locale_messages.json; .\models\interfaces\schema\vocab.yaml; .\models\interfaces\search-layout-map.ts; .\pages\index.vue,suchergebnisse; meinen; bedurfnissen; anpassen; nach,Review code evidence and add or confirm regression coverage before closing.,https://github.com/AV-EFI/AVefi-Issues/issues/19
AV-EFI/AVefi-Issues#20,Filmrecherche: Als Benutzer*in möchte ich möglichst passende Vorschläge erhalten (User Story ID 17),implemented_candidate,Unassigned triage,true,implemented_but_untested,6,.\i18n\locales\de.ts,moglichst; passende; vorschlage; erhalten,Review code evidence and add or confirm regression coverage before closing.,https://github.com/AV-EFI/AVefi-Issues/issues/20
AV-EFI/AVefi-Issues#21,Filmidentifikatorenansicht & Redaktionssystem:: Als Redakteur*in / Admin möchte ich Zugriff auf historische Suchdaten und Nutzungsstatistiken haben  (User Story ID 33),implemented_candidate,Product/domain decision,true,implemented_but_untested,20,.\components\detail\InstitutionListComp.vue; .\components\detail\ItemListNewComp.vue; .\components\search\SearchHitsComp.vue; .\components\search\SearchListCompactComp.vue; .\components\search\SearchListViewComp.vue; .\components\views\WorkViewCompParts.vue; .\composables\useSearchSuggestions.ts; .\i18n\locales\de.ts; .\i18n\locales\en.ts; .\MATOMO_SETUP.md,filmidentifikatorenansicht; redaktionssystem; redakteur; admin; zugriff; historische; suchdaten; nutzungsstatistiken; haben; filmidentifikatorenansicht redaktionssystem,Review code evidence and add or confirm regression coverage before closing.,https://github.com/AV-EFI/AVefi-Issues/issues/21
AV-EFI/AVefi-Issues#22,Filmrecherche: Als Benutzer*in möchte ich optimal bei der Suche unterstützt werden  (User Story ID 22),implemented_candidate,Frontend/UI,true,implemented_but_untested,20,.\app.vue; .\components\detail\AVefiRefinementListComp.vue; .\components\detail\GenericKVView.vue; .\components\detail\HasEventComp.vue; .\components\detail\InstitutionListComp.vue; .\components\detail\ItemListNewComp.vue; .\components\detail\KeyActionRowsComp.vue,optimal; suche; search; unterstutzt; werden,Review code evidence and add or confirm regression coverage before closing.,https://github.com/AV-EFI/AVefi-Issues/issues/22
AV-EFI/AVefi-Issues#23,"Filmidentifikatorenansicht & Redaktionssystem:: Als MA einer filmhaltenden Institution möchte ich nachvollziehen können, wer wann welche Datensätze in das System eingegeben hat  (User Story ID 46)",implemented_candidate,Product/domain decision,true,implemented_but_untested,18,.\components\poster\AvefiPosterComp.vue; .\i18n\locales\de.ts; .\i18n\locales\en.ts; .\models\interfaces\schema\avefi_schema_type_utils.ts; .\models\interfaces\schema\avefi_schema.ts; .\models\interfaces\schema\model.yaml; .\pages\poster\avefi.vue; .\RELEASE_NOTES.md; .\scripts\generate-stakeholder-quality-reports.mjs; .\scripts\github-project-classify.mjs; .\server\assets\vocab\avefi_schema_type_utils.ts; .\server\assets\vocab\avefi_schema.ts,filmidentifikatorenansicht; redaktionssystem; filmhaltenden; nachvollziehen; datensatze; system; eingegeben; wann; filmidentifikatorenansicht redaktionssystem,Review code evidence and add or confirm regression coverage before closing.,https://github.com/AV-EFI/AVefi-Issues/issues/23
AV-EFI/AVefi-Issues#223,"Barrierefreiheit: Als Benutzer*in mit Sehbeeinträchtigung möchte ich, dass die Anwendung Barrierefreiheitsfunktionen unterstützt, wie Bildschirmlesegeräte, Tastaturnavigation und alternative Texte für Bilder, um eine inklusive Benutzererfahrung sicherzuste",implemented_candidate,Accessibility/QA,true,implemented_but_untested,20,.\components\detail\FavouritesListComp.vue; .\components\detail\WorksMultiView.vue; .\components\detail\WorkVariantTopLevelComp.vue; .\components\global\CompareViewEditor.vue; .\components\global\ExportDataComp.vue; .\components\global\Footer.vue; .\components\search\QueryAutocompleteCore.vue; .\components\search\SearchListFlatComp.vue; .\components\search\SearchListViewComp.vue; .\components\search\SearchTableViewComp.vue,barrierefreiheit; accessibility; a11y; sehbeeintrachtigung; anwendung; barrierefreiheitsfunktionen; unterstutzt; bildschirmlesegerate; tastaturnavigation; alternative; texte; bilder; inklusive; benutzererfahrung; sicherzuste,Review code evidence and add or confirm regression coverage before closing.,https://github.com/AV-EFI/AVefi-Issues/issues/223
AV-EFI/AVefi-Issues#25,Filmrecherche:Als Benutzer*in möchte ich nach der filmhaltenden Institution filtern können  (User Story ID 44),implemented_candidate,Product/domain decision,true,implemented_but_untested,20,.\composables\poc\usePocApi.ts; .\i18n\locales\de.ts; .\i18n\locales\en.ts; .\models\interfaces\detail-layout-map.ts; .\models\interfaces\schema\locale_messages.json; .\models\interfaces\schema\vocab.yaml; .\models\interfaces\search-layout-map.ts; .\pages\index.vue; .\scripts\image-manifest.mjs; .\server\api\elastic\normdata\[field].get.ts,filmhaltenden; filtern; nach,Review code evidence and add or confirm regression coverage before closing.,https://github.com/AV-EFI/AVefi-Issues/issues/25
AV-EFI/AVefi-Issues#26,"Filmidentifikatorenansicht & Redaktionssystem:: Als MA einer filmhaltenden Institution möchte ich eine Nutzerverwaltung nutzen, um die Rechte der Nutzenden zu verwalten  (User Story ID 8)",implemented_candidate,Product/domain decision,true,implemented_but_untested,17,.\i18n\locales\de.ts; .\models\interfaces\schema\locale_messages.json; .\models\interfaces\schema\model.yaml; .\models\interfaces\schema\vocab.yaml; .\nuxt.config.ts; .\scripts\github-project-classify.mjs; .\server\assets\vocab\locale_messages.json,filmidentifikatorenansicht; redaktionssystem; filmhaltenden; nutzerverwaltung; nutzen; rechte; nutzenden; verwalten; filmidentifikatorenansicht redaktionssystem,Review code evidence and add or confirm regression coverage before closing.,https://github.com/AV-EFI/AVefi-Issues/issues/26
AV-EFI/AVefi-Issues#27,"Hilfe, Feedback & Kommunikation: Als Benutzer*in möchte ich Feedback zu Suchergebnissen (z. B. Relevanz, Genauigkeit) geben können  (User Story ID 35)",implemented_candidate,Frontend/UI,true,implemented_but_untested,20,.\components\micro\ContactForm.vue; .\composables\poc\usePocApi.ts; .\i18n\locales\de.ts; .\i18n\locales\en.ts; .\models\interfaces\schema\locale_messages.json; .\models\interfaces\schema\vocab.yaml; .\pages\accessibility.vue,hilfe; feedback; kommunikation; suchergebnissen; relevanz; genauigkeit; geben; hilfe feedback kommunikation,Review code evidence and add or confirm regression coverage before closing.,https://github.com/AV-EFI/AVefi-Issues/issues/27
AV-EFI/AVefi-Issues#28,Filmidentifikatorenansicht & Redaktionssystem:: Als MA einer filmhaltenden Institution möchte ich einen existierenden Film unsichtbar machen / entfernen  (User Story ID 11),implemented_candidate,Product/domain decision,true,implemented,12,.\i18n\locales\de.ts; .\models\interfaces\detail-layout-map.ts; .\RELEASE_NOTES.md; .\scripts\github-project-classify.mjs; .\tests\unit\components\clickable-facet-value.spec.ts; .\tests\unit\components\instant-search-template.spec.ts,filmidentifikatorenansicht; redaktionssystem; filmhaltenden; existierenden; unsichtbar; machen; entfernen; filmidentifikatorenansicht redaktionssystem,Review evidence and acceptance criteria; candidate for keep/close decision batch.,https://github.com/AV-EFI/AVefi-Issues/issues/28
AV-EFI/AVefi-Issues#224,Filmrecherche: Als Benutzer*in möchte ich gezielt nach Filmen suchen können  (User Story ID 2),implemented_candidate,Frontend/UI,true,implemented_but_untested,20,.\composables\poc\usePocApi.ts; .\i18n\locales\de.ts; .\i18n\locales\en.ts; .\models\interfaces\detail-layout-map.ts; .\models\interfaces\schema\locale_messages.json; .\models\interfaces\schema\vocab.yaml,gezielt; filmen; suchen; nach,Review code evidence and add or confirm regression coverage before closing.,https://github.com/AV-EFI/AVefi-Issues/issues/224
AV-EFI/AVefi-Issues#56,"Als Benutzer*in möchte ich direkt sehen, ob ein Exemplar online verfügbar ist",implemented_candidate,Backend/API/indexing,true,implemented_but_untested,20,.\app.vue; .\components\detail\ItemListNewComp.vue; .\components\detail\ManifestationListComp.vue; .\components\detail\WorksMultiView.vue; .\components\poc\GraphView.vue; .\components\search\SearchResultManifestation.vue; .\i18n\locales\de.ts,direkt; exemplar; online; verfugbar,Review code evidence and add or confirm regression coverage before closing.,https://github.com/AV-EFI/AVefi-Issues/issues/56
AV-EFI/AVefi-Issues#57,Filmrecherche: Als Benutzer*in möchte ich gezielt nach Filmen suchen können  (User Story ID 2),implemented_candidate,Frontend/UI,true,implemented_but_untested,20,.\composables\poc\usePocApi.ts; .\i18n\locales\de.ts; .\i18n\locales\en.ts; .\models\interfaces\detail-layout-map.ts; .\models\interfaces\schema\locale_messages.json; .\models\interfaces\schema\vocab.yaml,gezielt; filmen; suchen; nach,Review code evidence and add or confirm regression coverage before closing.,https://github.com/AV-EFI/AVefi-Issues/issues/57
AV-EFI/AVefi-Issues#64,Facetten finalisieren (Filmrecherche),implemented_candidate,Frontend/UI,true,implemented_but_untested,4,.\i18n\locales\de.ts; .\i18n\locales\en.ts,facetten; finalisieren,Review code evidence and add or confirm regression coverage before closing.,https://github.com/AV-EFI/AVefi-Issues/issues/64
AV-EFI/AVefi-Issues#65,Sortierung in der Suche,backend_or_data_needed,Backend/API/indexing,false,blocked_external,0,,sortierung; suche; search,Keep in owner-area review before frontend code verification.,https://github.com/AV-EFI/AVefi-Issues/issues/65
AV-EFI/AVefi-Issues#66,Trefferlisten-Preview verbessern,implemented_candidate,Backend/API/indexing,true,implemented_but_untested,5,.\i18n\locales\de.ts; .\nuxt.config.ts,trefferlisten-preview; verbessern,Review code evidence and add or confirm regression coverage before closing.,https://github.com/AV-EFI/AVefi-Issues/issues/66
AV-EFI/AVefi-Issues#149,LIC-01: Rechte- und Lizenzinformationen global sichtbar machen,implemented_candidate,Backend/API/indexing,true,implemented_but_untested,20,.\app.vue; .\assets\scss\slider_tailwind.scss; .\components\detail\InstitutionListComp.vue; .\components\detail\ItemListNewComp.vue; .\components\detail\KeyValueComp.vue; .\components\detail\KeyValueListComp.vue; .\components\detail\ManifestationListComp.vue; .\components\detail\WorksMultiView.vue; .\components\global\ActionContextComp.vue; .\components\global\ComparisonDrawer.vue; .\components\global\ContactDrawer.vue; .\components\global\FacetDrawer.vue; .\components\global\GlossaryTextComp.vue,lic-01; rechte-; lizenzinformationen; global; sichtbar; machen; userstory; lizenzen; epic lizenzen,Review code evidence and add or confirm regression coverage before closing.,https://github.com/AV-EFI/AVefi-Issues/issues/149
AV-EFI/AVefi-Issues#126,NC-08: Navigation zwischen Manifestationen im Split-View,domain_logic_needed,Product/domain decision,false,blocked_external,0,,nc-08; navigation; zwischen; manifestationen; split-view; userstory; epic navigation,Keep in owner-area review before frontend code verification.,https://github.com/AV-EFI/AVefi-Issues/issues/126
AV-EFI/AVefi-Issues#127,NC-09: URL-Struktur für Navigation vereinheitlichen,domain_logic_needed,Product/domain decision,false,blocked_external,0,,nc-09; url-struktur; navigation; vereinheitlichen; userstory; backend; epic navigation,Keep in owner-area review before frontend code verification.,https://github.com/AV-EFI/AVefi-Issues/issues/127
AV-EFI/AVefi-Issues#128,NC-10: Navigation zwischen Suchtrefferliste und Detailansicht optimieren,qa_or_acceptance_needed,Accessibility/QA,true,partial,20,.\components\detail\InstitutionListComp.vue; .\components\detail\PaginationComp.vue; .\components\global\BreadcrumbsComp.vue; .\components\global\ComparisonDrawer.vue; .\components\global\NavBar.vue; .\components\input\VueSlider.vue; .\components\search\SearchListViewComp.vue; .\components\views\CompilationViewCompAVefi.vue; .\components\views\WorkViewCompAVefi.vue; .\i18n\locales\de.ts,nc-10; navigation; zwischen; suchtrefferliste; detailansicht; optimieren; userstory; epic navigation,Review matched implementation and define remaining acceptance criteria.,https://github.com/AV-EFI/AVefi-Issues/issues/128
AV-EFI/AVefi-Issues#129,RD-01: Rollen- & Rechteverwaltung für redaktionelle Funktionen implementieren,domain_logic_needed,Product/domain decision,false,blocked_external,0,,rd-01; rollen-; rechteverwaltung; redaktionelle; funktionen; implementieren; userstory; backend; redaktion; edit; editor; epic redaktion,Keep in owner-area review before frontend code verification.,https://github.com/AV-EFI/AVefi-Issues/issues/129
AV-EFI/AVefi-Issues#130,RD-02: Änderungs- und Versionshistorie für alle redaktionellen Eingriffe,domain_logic_needed,Product/domain decision,false,blocked_external,0,,rd-02; anderungs-; versionshistorie; redaktionellen; eingriffe; userstory; backend; redaktion; edit; editor; alle; epic redaktion,Keep in owner-area review before frontend code verification.,https://github.com/AV-EFI/AVefi-Issues/issues/130
AV-EFI/AVefi-Issues#131,RD-03: Konflikt-Handling bei paralleler Bearbeitung,domain_logic_needed,Product/domain decision,false,blocked_external,0,,rd-03; konflikt-handling; paralleler; bearbeitung; userstory; backend; unscharf; redaktion; edit; editor; epic redaktion,Keep in owner-area review before frontend code verification.,https://github.com/AV-EFI/AVefi-Issues/issues/131
AV-EFI/AVefi-Issues#132,"RD-04: Redaktionsmodus für Werk-, Manifestations- und Item-Metadaten",domain_logic_needed,Product/domain decision,false,blocked_external,0,,rd-04; redaktionsmodus; werk-; manifestations-; item-metadaten; userstory; redaktion; edit; editor; epic redaktion,Keep in owner-area review before frontend code verification.,https://github.com/AV-EFI/AVefi-Issues/issues/132
AV-EFI/AVefi-Issues#133,RD-05: Validierungslogik für Pflicht- und Qualitätsfelder,domain_logic_needed,Product/domain decision,false,blocked_external,0,,rd-05; validierungslogik; pflicht-; qualitatsfelder; userstory; backend; redaktion; edit; editor; datenqualitat; epic redaktion,Keep in owner-area review before frontend code verification.,https://github.com/AV-EFI/AVefi-Issues/issues/133
AV-EFI/AVefi-Issues#136,BR-01: Benutzerverwaltung – Rollen müssen definierbar und zuweisbar sein,domain_logic_needed,Product/domain decision,false,blocked_external,0,,br-01; benutzerverwaltung; rollen; mussen; definierbar; zuweisbar; userstory; backend; benutzerrollenredaktion; sein; epic benutzerrollenredaktion,Keep in owner-area review before frontend code verification.,https://github.com/AV-EFI/AVefi-Issues/issues/136
AV-EFI/AVefi-Issues#138,BR-03: Redakteure müssen Metadatensätze bearbeiten können (Werk/Manifestation/Item),domain_logic_needed,Product/domain decision,false,blocked_external,0,,br-03; redakteure; mussen; metadatensatze; bearbeiten; manifestation; userstory; backend; unscharf; werk; item; epic benutzerrollenredaktion,Keep in owner-area review before frontend code verification.,https://github.com/AV-EFI/AVefi-Issues/issues/138
AV-EFI/AVefi-Issues#139,BR-04: Änderungen an Metadaten müssen revisionssicher gespeichert werden,domain_logic_needed,Product/domain decision,false,blocked_external,0,,br-04; anderungen; metadaten; mussen; revisionssicher; gespeichert; werden; userstory; backend; benutzerrollenredaktion; epic benutzerrollenredaktion,Keep in owner-area review before frontend code verification.,https://github.com/AV-EFI/AVefi-Issues/issues/139
AV-EFI/AVefi-Issues#140,BR-05: Redaktioneller Freigabeprozess (Review → Approve → Publish),domain_logic_needed,Product/domain decision,false,blocked_external,0,,br-05; redaktioneller; freigabeprozess; review; approve; publish; userstory; backend; unscharf; epic benutzerrollenredaktion,Keep in owner-area review before frontend code verification.,https://github.com/AV-EFI/AVefi-Issues/issues/140
AV-EFI/AVefi-Issues#141,BR-06: Nutzerprofil – Basisdaten einsehen & bearbeiten,domain_logic_needed,Product/domain decision,false,blocked_external,0,,br-06; nutzerprofil; basisdaten; einsehen; bearbeiten; userstory; benutzerrollenredaktion; epic benutzerrollenredaktion,Keep in owner-area review before frontend code verification.,https://github.com/AV-EFI/AVefi-Issues/issues/141
AV-EFI/AVefi-Issues#143,BR-08: Aktivitätslog für redaktionelle Aktionen,domain_logic_needed,Product/domain decision,false,blocked_external,0,,br-08; aktivitatslog; redaktionelle; aktionen; userstory; backend; benutzerrollenredaktion; epic benutzerrollenredaktion,Keep in owner-area review before frontend code verification.,https://github.com/AV-EFI/AVefi-Issues/issues/143
AV-EFI/AVefi-Issues#144,BR-09: Zugriff auf interne Funktionen muss klar geregelt und geprüft sein,domain_logic_needed,Product/domain decision,false,blocked_external,0,,br-09; zugriff; interne; funktionen; geregelt; gepruft; userstory; backend; technical-blocker; muss; klar; sein; epic benutzerrollenredaktion,Keep in owner-area review before frontend code verification.,https://github.com/AV-EFI/AVefi-Issues/issues/144
AV-EFI/AVefi-Issues#134,RD-06: Redaktions-Dashboard für offene Aufgaben und Qualitätsprobleme,duplicate_candidate,Product/domain decision,false,blocked_external,0,,rd-06; redaktions-dashboard; offene; aufgaben; qualitatsprobleme; userstory; redaktion; edit; editor; epic redaktion,Keep in owner-area review before frontend code verification.,https://github.com/AV-EFI/AVefi-Issues/issues/134
AV-EFI/AVefi-Issues#145,RECS-01: Ähnliche Filme algorithmisch bestimmen (Basislogik),domain_logic_needed,Product/domain decision,false,blocked_external,0,,recs-01; ahnliche; algorithmisch; bestimmen; basislogik; userstory; backend; unscharf; recommendations; epic recommendations,Keep in owner-area review before frontend code verification.,https://github.com/AV-EFI/AVefi-Issues/issues/145
AV-EFI/AVefi-Issues#146,RECS-02: Ähnliche Filme in der Werkansicht anzeigen,domain_logic_needed,Product/domain decision,false,blocked_external,0,,recs-02; ahnliche; werkansicht; userstory; recommendations; epic recommendations,Keep in owner-area review before frontend code verification.,https://github.com/AV-EFI/AVefi-Issues/issues/146
AV-EFI/AVefi-Issues#147,RECS-03: Ähnlichkeitskriterien transparent darstellen,backend_or_data_needed,Backend/API/indexing,false,blocked_external,0,,recs-03; ahnlichkeitskriterien; transparent; darstellen; userstory; backend; unscharf; recommendations; b l o c k e d; epic recommendations,Keep in owner-area review before frontend code verification.,https://github.com/AV-EFI/AVefi-Issues/issues/147
AV-EFI/AVefi-Issues#148,RECS-04: API-Endpoint für Recommendations bereitstellen,domain_logic_needed,Product/domain decision,false,blocked_external,0,,recs-04; api-endpoint; recommendations; bereitstellen; userstory; backend; epic recommendations,Keep in owner-area review before frontend code verification.,https://github.com/AV-EFI/AVefi-Issues/issues/148
AV-EFI/AVefi-Issues#150,"EXPORT-01: Exportfunktionen für Werk-, Manifestations- und Item-Daten definieren und vereinheitlichen",domain_logic_needed,Product/domain decision,false,blocked_external,0,,export-01; exportfunktionen; werk-; manifestations-; item-daten; definieren; vereinheitlichen; userstory; backend; unscharf; epic exporte,Keep in owner-area review before frontend code verification.,https://github.com/AV-EFI/AVefi-Issues/issues/150
AV-EFI/AVefi-Issues#151,DQ-09: Harmonisierung von Genre „Dokumentation“ / „Documentary“,domain_logic_needed,Product/domain decision,false,blocked_external,0,,dq-09; harmonisierung; genre; dokumentation; documentary; userstory; backend; unscharf; datenqualitat; epic datenqualitat,Keep in owner-area review before frontend code verification.,https://github.com/AV-EFI/AVefi-Issues/issues/151
AV-EFI/AVefi-Issues#153,BR-10: Bereitstellung GWDG Keycloak,domain_logic_needed,Product/domain decision,false,blocked_external,0,,br-10; bereitstellung; keycloak; userstory; backend; technical-blocker; benutzerrollenredaktion; gwdg; epic benutzerrollenredaktion,Keep in owner-area review before frontend code verification.,https://github.com/AV-EFI/AVefi-Issues/issues/153
AV-EFI/AVefi-Issues#154,FI-05: Match & Merge um Backend bereitstellen,needs_clarification,Product/domain decision,false,blocked_external,0,,fi-05; match; merge; backend; bereitstellen; filmidentifikatorenansicht; redaktionssystem; filmidentifikatoren; filmidentifikatorenansicht redaktionssystem; epic filmidentifikatoren,Keep in owner-area review before frontend code verification.,https://github.com/AV-EFI/AVefi-Issues/issues/154
AV-EFI/AVefi-Issues#93,FI-01: Duplikate von Filmen erkennen und anzeigen,duplicate_candidate,Product/domain decision,false,blocked_external,0,,fi-01; duplikate; filmen; erkennen; userstory; backend; unscharf; filmidentifikatoren; epic filmidentifikatoren,Keep in owner-area review before frontend code verification.,https://github.com/AV-EFI/AVefi-Issues/issues/93
AV-EFI/AVefi-Issues#94,DQ-01: Vollständigkeitsindikator auf Werk-Ebene anzeigen,domain_logic_needed,Product/domain decision,false,blocked_external,0,,dq-01; vollstandigkeitsindikator; werk-ebene; userstory; datenqualitat; epic datenqualitat,Keep in owner-area review before frontend code verification.,https://github.com/AV-EFI/AVefi-Issues/issues/94
AV-EFI/AVefi-Issues#95,DQ-02: Vollständigkeitsindikator auf Manifestationsebene anzeigen,domain_logic_needed,Product/domain decision,false,blocked_external,0,,dq-02; vollstandigkeitsindikator; manifestationsebene; userstory; datenqualitat; epic datenqualitat,Keep in owner-area review before frontend code verification.,https://github.com/AV-EFI/AVefi-Issues/issues/95
AV-EFI/AVefi-Issues#96,DQ-03: Vollständigkeitsindikator auf Item-Ebene anzeigen,domain_logic_needed,Product/domain decision,false,blocked_external,0,,dq-03; vollstandigkeitsindikator; item-ebene; userstory; datenqualitat; epic datenqualitat,Keep in owner-area review before frontend code verification.,https://github.com/AV-EFI/AVefi-Issues/issues/96
AV-EFI/AVefi-Issues#97,"DQ-04: Fehlende Felder pro Ebene anzeigen (Werk, Manifestation, Item)",implemented_candidate,Product/domain decision,true,implemented_but_untested,20,.\app.vue; .\assets\scss\_colors.generated.scss; .\assets\scss\_variables.scss; .\assets\scss\main.scss; .\components\detail\AVefiRefinementListComp.vue,dq-04; fehlende; felder; ebene; manifestation; userstory; datenqualitat; werk; item; epic datenqualitat,Review code evidence and add or confirm regression coverage before closing.,https://github.com/AV-EFI/AVefi-Issues/issues/97
AV-EFI/AVefi-Issues#98,DQ-05: Einheitliches Farbsystem für Datenvollständigkeit definieren,implemented_candidate,Backend/API/indexing,true,implemented_but_untested,20,.\components\global\Footer.vue; .\composables\useMatomoTracking.ts; .\i18n\locales\de.ts; .\i18n\locales\en.ts; .\nuxt.config.ts; .\pages\accessibility.vue; .\pages\index.vue; .\RELEASE_NOTES.md,dq-05; einheitliches; farbsystem; datenvollstandigkeit; definieren; userstory; unscharf; accessibility; epic datenqualitat,Review code evidence and add or confirm regression coverage before closing.,https://github.com/AV-EFI/AVefi-Issues/issues/98
AV-EFI/AVefi-Issues#99,DQ-06: Fehlende Pflichtfelder beim Import/Sync erkennen und markieren,implemented_candidate,Backend/API/indexing,true,implemented_but_untested,20,.\app.vue; .\assets\scss\main.scss; .\assets\scss\slider_tailwind.scss; .\assets\scss\tailwind.css; .\assets\scss\vs.css; .\components\detail\FavouritesListComp.vue; .\components\detail\FilmRelatedMaterialsComp.vue; .\components\detail\GenericKVView.vue; .\components\detail\HasAgentComp.vue,dq-06; fehlende; pflichtfelder; import; erkennen; markieren; userstory; backend; unscharf; datenqualitat; beim; sync; epic datenqualitat,Review code evidence and add or confirm regression coverage before closing.,https://github.com/AV-EFI/AVefi-Issues/issues/99
AV-EFI/AVefi-Issues#101,DQ-08: Datenqualität als Facetten-Filter anbieten,implemented_candidate,Product/domain decision,true,implemented_but_untested,20,.\app.vue; .\components\detail\AVefiRefinementListComp.vue; .\components\detail\GenericKVView.vue; .\components\detail\HasEventComp.vue; .\components\detail\InstitutionListComp.vue; .\components\detail\ItemListNewComp.vue; .\components\detail\KeyActionRowsComp.vue,dq-08; datenqualitat; facetten-filter; anbieten; unscharf; search,Review code evidence and add or confirm regression coverage before closing.,https://github.com/AV-EFI/AVefi-Issues/issues/101
AV-EFI/AVefi-Issues#102,HS-01: Herkunft und Herausgeber eines Film-Metadatensatzes klar anzeigen,implemented_candidate,Backend/API/indexing,true,implemented_but_untested,20,.\components\detail\MergeToolListComp.vue; .\i18n\locales\de.ts; .\models\interfaces\detail-layout-map.ts; .\models\interfaces\schema\locale_messages.json; .\models\interfaces\schema\vocab.yaml; .\pages\compare.vue; .\scripts\github-project-classify.mjs; .\server\assets\vocab\locale_messages.json,hs-01; herkunft; herausgeber; film-metadatensatzes; userstory; eines; klar; epic herausgeber,Review code evidence and add or confirm regression coverage before closing.,https://github.com/AV-EFI/AVefi-Issues/issues/102
AV-EFI/AVefi-Issues#104,HS-02: Übersicht aller Datenquellen (Herausgeber) bereitstellen,implemented_candidate,Product/domain decision,true,implemented,20,.\composables\useSearchFacetToggle.ts; .\i18n\locales\de.ts; .\i18n\locales\en.ts; .\models\interfaces\detail-layout-map.ts; .\models\interfaces\schema\locale_messages.json; .\models\interfaces\schema\vocab.yaml; .\nuxt.config.ts; .\server\assets\vocab\locale_messages.json; .\tests\unit\api\outbound\elastic-suggestions.api.spec.ts; .\tests\unit\components\instant-search-template.spec.ts,hs-02; ubersicht; aller; datenquellen; herausgeber; bereitstellen; userstory; unscharf; epic herausgeber,Review evidence and acceptance criteria; candidate for keep/close decision batch.,https://github.com/AV-EFI/AVefi-Issues/issues/104
AV-EFI/AVefi-Issues#105,HS-03: Filter nach herausgebender Institution ermöglichen,implemented_candidate,Product/domain decision,true,implemented_but_untested,20,.\app.vue; .\assets\scss\main.scss; .\components\detail\AVefiRefinementListComp.vue; .\components\detail\FilmRelatedMaterialsComp.vue; .\components\detail\GenericKVView.vue; .\components\detail\HasEventComp.vue,hs-03; filter; herausgebender; ermoglichen; userstory; search; herausgeber; nach; epic herausgeber,Review code evidence and add or confirm regression coverage before closing.,https://github.com/AV-EFI/AVefi-Issues/issues/105
AV-EFI/AVefi-Issues#106,HS-04: Herausgeber-Badge in Trefferliste anzeigen,implemented_candidate,Product/domain decision,true,implemented_but_untested,5,.\i18n\locales\de.ts; .\models\interfaces\detail-layout-map.ts; .\models\interfaces\schema\locale_messages.json; .\models\interfaces\schema\vocab.yaml; .\server\assets\vocab\locale_messages.json,hs-04; herausgeber-badge; trefferliste; userstory; herausgeber; epic herausgeber,Review code evidence and add or confirm regression coverage before closing.,https://github.com/AV-EFI/AVefi-Issues/issues/106
AV-EFI/AVefi-Issues#107,HS-05: Herausgeber-Informationen müssen mehrsprachig dargestellt werden,implemented_candidate,Backend/API/indexing,true,implemented_but_untested,20,.\app.vue; .\components\detail\AVefiRefinementListComp.vue; .\components\detail\FavouritesListComp.vue; .\components\detail\FilmRelatedMaterialsComp.vue; .\components\detail\GenericKVView.vue; .\components\detail\HasAgentComp.vue; .\components\detail\HasEventComp.vue; .\components\detail\ItemListNewComp.vue; .\components\detail\KeyActionRowsComp.vue,hs-05; herausgeber-informationen; mussen; mehrsprachig; i18n; locale; language; dargestellt; werden; userstory; herausgeber; epic herausgeber,Review code evidence and add or confirm regression coverage before closing.,https://github.com/AV-EFI/AVefi-Issues/issues/107
AV-EFI/AVefi-Issues#108,LG-01: Oberfläche vollständig mehrsprachig darstellen (Frontend),implemented_candidate,Accessibility/QA,true,implemented_but_untested,20,.\app.vue; .\components\detail\AVefiRefinementListComp.vue; .\components\detail\FavouritesListComp.vue; .\components\detail\FilmRelatedMaterialsComp.vue; .\components\detail\GenericKVView.vue; .\components\detail\HasAgentComp.vue; .\components\detail\HasEventComp.vue; .\components\detail\ItemListNewComp.vue; .\components\detail\KeyActionRowsComp.vue,lg-01; oberflache; vollstandig; mehrsprachig; i18n; locale; language; darstellen; userstory; mehrsprachigkeit; epic mehrsprachigkeit,Review code evidence and add or confirm regression coverage before closing.,https://github.com/AV-EFI/AVefi-Issues/issues/108
AV-EFI/AVefi-Issues#109,LG-02: Mehrsprachige Anzeige von Titeln und Metadaten,implemented_candidate,Product/domain decision,true,implemented_but_untested,20,.\app.vue; .\i18n\locales\de.ts; .\models\interfaces\detail-layout-map.ts; .\models\interfaces\search-layout-map.ts; .\pages\compare.vue; .\pages\faq.vue; .\pages\filmrel\[prefix]\[id].vue; .\pages\index.vue; .\pages\normdata.vue; .\pages\res\[prefix]\[id].vue,lg-02; mehrsprachige; anzeige; titeln; metadaten; userstory; mehrsprachigkeit; epic mehrsprachigkeit,Review code evidence and add or confirm regression coverage before closing.,https://github.com/AV-EFI/AVefi-Issues/issues/109
AV-EFI/AVefi-Issues#111,"LG-04: Mehrsprachige Tooltips, Hinweise und Glossar-Integration",implemented_candidate,Accessibility/QA,true,implemented_but_untested,20,.\components\detail\GenericKVView.vue; .\components\global\TooltipInfo.vue; .\components\poc\GraphView.vue; .\i18n\locales\de.ts; .\i18n\locales\en.ts; .\pages\admin\user_tooltips.vue; .\pages\faq.vue,lg-04; mehrsprachige; tooltips; hinweise; glossar-integration; userstory; mehrsprachigkeit; epic mehrsprachigkeit,Review code evidence and add or confirm regression coverage before closing.,https://github.com/AV-EFI/AVefi-Issues/issues/111
AV-EFI/AVefi-Issues#112,LG-05: Sprachabhängige Darstellung von exemplarischen Datenquellen,implemented_candidate,Product/domain decision,true,implemented_but_untested,3,.\i18n\locales\de.ts,lg-05; sprachabhangige; darstellung; exemplarischen; datenquellen; userstory; unscharf; mehrsprachigkeit; epic mehrsprachigkeit,Review code evidence and add or confirm regression coverage before closing.,https://github.com/AV-EFI/AVefi-Issues/issues/112
AV-EFI/AVefi-Issues#119,NC-01: Rücksprung zur Suche muss ursprünglichen Zustand herstellen,implemented_candidate,Backend/API/indexing,true,implemented_but_untested,20,.\app.vue; .\components\detail\AVefiRefinementListComp.vue; .\components\detail\GenericKVView.vue; .\components\detail\HasEventComp.vue; .\components\detail\InstitutionListComp.vue; .\components\detail\ItemListNewComp.vue; .\components\detail\KeyActionRowsComp.vue,nc-01; rucksprung; suche; search; ursprunglichen; zustand; herstellen; userstory; navigation; muss; epic navigation,Review code evidence and add or confirm regression coverage before closing.,https://github.com/AV-EFI/AVefi-Issues/issues/119
AV-EFI/AVefi-Issues#120,NC-02: Breadcrumb zwischen Werk → Manifestation → Item,implemented_candidate,Product/domain decision,true,implemented_but_untested,20,.\app.vue; .\assets\scss\_colors.generated.scss; .\assets\scss\_variables.scss; .\assets\scss\main.scss; .\components\detail\AVefiRefinementListComp.vue,nc-02; breadcrumb; zwischen; manifestation; userstory; navigation; werk; item; epic navigation,Review code evidence and add or confirm regression coverage before closing.,https://github.com/AV-EFI/AVefi-Issues/issues/120
AV-EFI/AVefi-Issues#121,NC-03: Seitenwechsel darf Filter & Scrollposition nicht verlieren,domain_logic_needed,Product/domain decision,false,blocked_external,0,,nc-03; seitenwechsel; filter; scrollposition; nicht; verlieren; userstory; navigation; darf; epic navigation,Keep in owner-area review before frontend code verification.,https://github.com/AV-EFI/AVefi-Issues/issues/121
AV-EFI/AVefi-Issues#122,NC-04: Tektonik-Navigation muss stabil und konsistent funktionieren,domain_logic_needed,Product/domain decision,false,blocked_external,0,,nc-04; tektonik-navigation; stabil; konsistent; funktionieren; userstory; unscharf; navigation; muss; epic navigation,Keep in owner-area review before frontend code verification.,https://github.com/AV-EFI/AVefi-Issues/issues/122
AV-EFI/AVefi-Issues#123,NC-05: Persistent Tabs auf Werk- und Manifestationsebene,domain_logic_needed,Product/domain decision,false,blocked_external,0,,nc-05; persistent; werk-; manifestationsebene; userstory; navigation; tabs; epic navigation,Keep in owner-area review before frontend code verification.,https://github.com/AV-EFI/AVefi-Issues/issues/123
AV-EFI/AVefi-Issues#124,NC-06: Navigation muss für Screenreader nachvollziehbar sein (A11y),implemented_candidate,Accessibility/QA,true,implemented_but_untested,20,.\components\detail\PaginationComp.vue; .\components\global\BreadcrumbsComp.vue; .\components\global\ComparisonDrawer.vue; .\components\global\Footer.vue; .\components\global\NavBar.vue; .\components\home\HomeIssuerSection.vue; .\components\home\HomeSectionTextBlock.vue; .\components\input\VueSlider.vue; .\components\micro\ContactForm.vue; .\components\poc\GraphView.vue; .\components\search\PanelRefinementListComp.vue,nc-06; navigation; screenreader; nachvollziehbar; userstory; accessibility; muss; sein; a11y; epic navigation,Review code evidence and add or confirm regression coverage before closing.,https://github.com/AV-EFI/AVefi-Issues/issues/124
AV-EFI/AVefi-Issues#125,NC-07: „Im neuen Tab öffnen“ klar anbieten,implemented_candidate,Backend/API/indexing,true,implemented_but_untested,20,.\components\detail\PaginationComp.vue; .\components\global\BreadcrumbsComp.vue; .\components\global\ComparisonDrawer.vue; .\components\global\NavBar.vue; .\components\input\VueSlider.vue; .\components\search\SearchListViewComp.vue; .\components\views\CompilationViewCompAVefi.vue; .\components\views\WorkViewCompAVefi.vue; .\i18n\locales\de.ts; .\i18n\locales\en.ts,nc-07; neuen; offnen; anbieten; userstory; navigation; klar; epic navigation,Review code evidence and add or confirm regression coverage before closing.,https://github.com/AV-EFI/AVefi-Issues/issues/125
AV-EFI/AVefi-Issues#75,PID-01: PID für einen Film-Metadatensatz registrieren,domain_logic_needed,Product/domain decision,false,blocked_external,0,,pid-01; film-metadatensatz; registrieren; userstory; pid-verwaltung; backend; technical-blocker; epic pid-verwaltung,Keep in owner-area review before frontend code verification.,https://github.com/AV-EFI/AVefi-Issues/issues/75
AV-EFI/AVefi-Issues#77,PID-03: PID eines Film-Metadatensatzes auflösen (Resolve aus Handle-System),domain_logic_needed,Product/domain decision,false,blocked_external,0,,pid-03; film-metadatensatzes; auflosen; resolve; handle-system; userstory; pid-verwaltung; backend; technical-blocker; eines; epic pid-verwaltung,Keep in owner-area review before frontend code verification.,https://github.com/AV-EFI/AVefi-Issues/issues/77
AV-EFI/AVefi-Issues#78,PID-04: Versionierung für PID-bezogene Metadatensätze definieren,domain_logic_needed,Product/domain decision,false,blocked_external,0,,pid-04; versionierung; pid-bezogene; metadatensatze; definieren; userstory; pid-verwaltung; backend; unscharf; epic pid-verwaltung,Keep in owner-area review before frontend code verification.,https://github.com/AV-EFI/AVefi-Issues/issues/78
AV-EFI/AVefi-Issues#79,PID-05: Dublettenprüfung über PID implementieren,duplicate_candidate,Product/domain decision,false,blocked_external,0,,pid-05; dublettenprufung; implementieren; userstory; pid-verwaltung; backend; unscharf; uber; epic pid-verwaltung,Keep in owner-area review before frontend code verification.,https://github.com/AV-EFI/AVefi-Issues/issues/79
AV-EFI/AVefi-Issues#86,MI-06: Tektonische Übersicht von Manifestationen und Items anzeigen,domain_logic_needed,Product/domain decision,false,blocked_external,0,,mi-06; tektonische; ubersicht; manifestationen; items; userstory; unscharf; manifestationitem; epic manifestationitem,Keep in owner-area review before frontend code verification.,https://github.com/AV-EFI/AVefi-Issues/issues/86
AV-EFI/AVefi-Issues#90,FI-04: Konflikte oder unklare Identifikatoren anzeigen,domain_logic_needed,Product/domain decision,false,blocked_external,0,,fi-04; konflikte; unklare; identifikatoren; userstory; unscharf; filmidentifikatoren; epic filmidentifikatoren,Keep in owner-area review before frontend code verification.,https://github.com/AV-EFI/AVefi-Issues/issues/90
AV-EFI/AVefi-Issues#91,FI-03: Identifikatoren bearbeiten und verwalten (Redaktionssystem),domain_logic_needed,Product/domain decision,false,blocked_external,0,,fi-03; identifikatoren; bearbeiten; verwalten; redaktionssystem; userstory; backend; filmidentifikatoren; epic filmidentifikatoren,Keep in owner-area review before frontend code verification.,https://github.com/AV-EFI/AVefi-Issues/issues/91
AV-EFI/AVefi-Issues#156,SEARCH-08: Experten Modus und Einfachen Modus anbieten,backend_or_data_needed,Backend/API/indexing,false,blocked_external,0,,search-08; experten; modus; einfachen; anbieten; userstory; unscharf; search,Keep in owner-area review before frontend code verification.,https://github.com/AV-EFI/AVefi-Issues/issues/156
AV-EFI/AVefi-Issues#157,SEO-01: Als Google- oder KI-Nutzer möchte ich gerne die Informationen von AVefi verfügbar haben,implemented_candidate,Backend/API/indexing,true,implemented_but_untested,14,.\app.vue; .\i18n\locales\de.ts; .\nuxt.config.ts; .\server\data\autocomplete_fallbacks.json; .\server\middleware\bot-guard.ts,seo-01; google-; ki-nutzer; gerne; informationen; verfugbar; haben,Review code evidence and add or confirm regression coverage before closing.,https://github.com/AV-EFI/AVefi-Issues/issues/157
AV-EFI/AVefi-Issues#158,SEO-02: Content für SEO optimieren,backend_or_data_needed,Backend/API/indexing,false,blocked_external,0,,seo-02; content; optimieren; userstory,Keep in owner-area review before frontend code verification.,https://github.com/AV-EFI/AVefi-Issues/issues/158
AV-EFI/AVefi-Issues#152,DQ-10: Größe des Datenbestands,domain_logic_needed,Product/domain decision,false,blocked_external,0,,dq-10; gro e; datenbestands; unscharf; datenqualitat,Keep in owner-area review before frontend code verification.,https://github.com/AV-EFI/AVefi-Issues/issues/152
AV-EFI/AVefi-Issues#161,"DQ-11: Schema-Anpassungen (TIB, HDF)",domain_logic_needed,Product/domain decision,false,blocked_external,0,,dq-11; schema-anpassungen; filmidentifikatorenansicht; redaktionssystem; userstory; filmidentifikatorenansicht redaktionssystem,Keep in owner-area review before frontend code verification.,https://github.com/AV-EFI/AVefi-Issues/issues/161
AV-EFI/AVefi-Issues#164,ANALYTICS-01: Matomo Analytics in AVefi integrieren,implemented_candidate,Backend/API/indexing,true,implemented_but_untested,20,.\app.vue; .\components\micro\ContactForm.vue; .\components\search\InstantSearchTemplateAVefi.vue; .\composables\useMatomoTracking.ts; .\i18n\locales\de.ts; .\i18n\locales\en.ts,analytics-01; matomo; analytics; integrieren; hilfe; feedback; kommunikation; allgemein; hilfe feedback kommunikation; allgemein rechtlich pflicht,Review code evidence and add or confirm regression coverage before closing.,https://github.com/AV-EFI/AVefi-Issues/issues/164
AV-EFI/AVefi-Issues#166,"INT-EPIC: Improve user interaction (collections, dataset-quality feedback, annotations)",implemented_candidate,Frontend/UI,true,implemented_but_untested,20,.\components\global\IssuerCarouselComp.vue; .\components\global\PartnersCarouselComp.vue; .\components\home\HomeTimelineSection.vue; .\components\micro\ContactForm.vue; .\components\poster\AvefiPosterComp.vue; .\components\search\PanelRefinementListComp.vue; .\i18n\locales\de.ts; .\i18n\locales\en.ts,int-epic; improve; interaction; collections; dataset-quality; feedback; annotations; unscharf,Review code evidence and add or confirm regression coverage before closing.,https://github.com/AV-EFI/AVefi-Issues/issues/166
AV-EFI/AVefi-Issues#169,SEARCH-11: Clickable facets & entity names,frontend_work,Frontend/UI,true,partial,20,.\app.vue; .\components\detail\HasAgentComp.vue; .\components\detail\HasEventComp.vue; .\components\detail\InstitutionListComp.vue; .\components\detail\ItemListNewComp.vue; .\components\detail\KeyActionRowsComp.vue; .\components\detail\KeyValueComp.vue; .\components\detail\KeyValueListComp.vue,search-11; clickable; facets; entity; names,Review matched implementation and define remaining acceptance criteria.,https://github.com/AV-EFI/AVefi-Issues/issues/169
AV-EFI/AVefi-Issues#170,NORM-01: Normdatenaustausch – Übersicht zu Schlagworten & Genres (PoC → Produktivfeature),domain_logic_needed,Product/domain decision,false,blocked_external,0,,norm-01; normdatenaustausch; ubersicht; schlagworten; genres; produktivfeature; datenqualitat,Keep in owner-area review before frontend code verification.,https://github.com/AV-EFI/AVefi-Issues/issues/170
AV-EFI/AVefi-Issues#188,CODEQUAL-01: Automatisierte Tests im Frontend implementieren,implemented_candidate,Accessibility/QA,true,implemented_but_untested,20,.\composables\useSearchHistory.ts; .\i18n\locales\de.ts; .\i18n\locales\en.ts; .\playwright.config.ts; .\README.md; .\scripts\github-project-classify.mjs; .\scripts\github-project-cross-check.mjs; .\scripts\github-project-review-batches.mjs; .\tests\README.md,codequal-01; automatisierte; tests; implementieren; userstory; technical-blocker,Review code evidence and add or confirm regression coverage before closing.,https://github.com/AV-EFI/AVefi-Issues/issues/188
AV-EFI/AVefi-Issues#171,CONTENT-02: FAQ (DE / ENG),frontend_work,Frontend/UI,true,not_found,0,,content-02,Review manually; no local frontend evidence found from generated search terms.,https://github.com/AV-EFI/AVefi-Issues/issues/171
AV-EFI/AVefi-Issues#173,UX-01: Update AVefi Projekt Website UX,implemented_candidate,Product/domain decision,true,implemented_but_untested,20,.\app.vue; .\components\detail\FilmRelatedMaterialsComp.vue; .\components\detail\PaginationComp.vue; .\components\global\CarouselCardComp.vue; .\components\global\CompareViewEditor.vue; .\components\global\CompareViewEditorStretched.vue; .\components\global\FacetDrawer.vue; .\components\global\IssuerCarouselComp.vue,ux-01; update; website; hilfe; feedback; kommunikation; hilfe feedback kommunikation,Review code evidence and add or confirm regression coverage before closing.,https://github.com/AV-EFI/AVefi-Issues/issues/173
AV-EFI/AVefi-Issues#178,Content-03: Update Projektseite für Public Release,implemented_candidate,Frontend/UI,true,implemented_but_untested,20,.\app.vue; .\components\detail\FilmRelatedMaterialsComp.vue; .\components\detail\ItemListNewComp.vue; .\components\detail\PaginationComp.vue; .\components\global\CarouselCardComp.vue; .\components\global\CompareViewEditor.vue; .\components\global\CompareViewEditorStretched.vue; .\components\global\FacetDrawer.vue; .\components\global\Footer.vue,content-03; update; projektseite; public; release,Review code evidence and add or confirm regression coverage before closing.,https://github.com/AV-EFI/AVefi-Issues/issues/178
AV-EFI/AVefi-Issues#155,SEARCH-07: Fuzzy Search funktioniert wie erwartet,backend_or_data_needed,Backend/API/indexing,false,blocked_external,0,,search-07; fuzzy; search; funktioniert; erwartet; backend,Keep in owner-area review before frontend code verification.,https://github.com/AV-EFI/AVefi-Issues/issues/155
AV-EFI/AVefi-Issues#187,PLATFORM-01: Wartungshinweis bei Service-Unterbrechung anzeigen,frontend_work,Frontend/UI,true,partial,16,.\components\micro\ContactForm.vue; .\i18n\locales\de.ts; .\i18n\locales\en.ts; .\pages\accessibility.vue; .\pages\faq.vue; .\pages\vocab.vue,platform-01; wartungshinweis; service-unterbrechung; hilfe; feedback; kommunikation; userstory; hilfe feedback kommunikation,Review matched implementation and define remaining acceptance criteria.,https://github.com/AV-EFI/AVefi-Issues/issues/187
AV-EFI/AVefi-Issues#174,EFI-01: EFI-Label im Frontend sichtbarer machen,domain_logic_needed,Product/domain decision,false,blocked_external,0,,efi-01; efi-label; sichtbarer; machen,Keep in owner-area review before frontend code verification.,https://github.com/AV-EFI/AVefi-Issues/issues/174
AV-EFI/AVefi-Issues#81,MI-02: Items müssen gefiltert und konsistent zur Manifestation angezeigt werden,domain_logic_needed,Product/domain decision,false,blocked_external,0,,mi-02; items; mussen; gefiltert; konsistent; manifestation; angezeigt; werden; userstory; technical-blocker; epic manifestationitem; search,Keep in owner-area review before frontend code verification.,https://github.com/AV-EFI/AVefi-Issues/issues/81
AV-EFI/AVefi-Issues#199,GOV-01: Improve Accessibility and Quality of Metadata Group Documentation,implemented_candidate,Backend/API/indexing,true,implemented_but_untested,20,.\app.vue; .\assets\scss\main.scss; .\components\detail\AVefiRefinementListComp.vue; .\components\detail\FavouritesListComp.vue; .\components\detail\FilmRelatedMaterialsComp.vue; .\components\detail\HasAgentComp.vue; .\components\detail\HasEventComp.vue,gov-01; improve; accessibility; quality; metadata; group; documentation,Review code evidence and add or confirm regression coverage before closing.,https://github.com/AV-EFI/AVefi-Issues/issues/199
AV-EFI/AVefi-Issues#201,"Verlinkung von ""Hermann Schlenker bei AVefi"" im Carousel",frontend_work,Frontend/UI,true,partial,20,.\assets\scss\main.scss; .\components\detail\FilmRelatedMaterialsComp.vue; .\components\global\BaseCarousel.vue; .\components\global\CardList.vue; .\components\global\CarouselCardComp.vue; .\components\global\CarouselCardCompBackup.vue; .\components\global\IssuerCarouselComp.vue,verlinkung; hermann; schlenker; carousel,Review matched implementation and define remaining acceptance criteria.,https://github.com/AV-EFI/AVefi-Issues/issues/201
AV-EFI/AVefi-Issues#202,BUG: Duplikate Schlagworte in Datensätzen,domain_logic_needed,Product/domain decision,false,blocked_external,0,,duplikate; schlagworte; datensatzen,Keep in owner-area review before frontend code verification.,https://github.com/AV-EFI/AVefi-Issues/issues/202
AV-EFI/AVefi-Issues#206,LEGAL-01: Lizenzen für Repos in gitlab und github,qa_or_acceptance_needed,Accessibility/QA,true,partial,20,.\app.vue; .\components\global\VocabViewer.vue; .\i18n\locales\de.ts; .\MATOMO_SETUP.md; .\models\interfaces\schema\model.yaml; .\nuxt.config.ts; .\pages\filmrel\[prefix]\[id].vue; .\pages\res\[prefix]\[id].vue; .\README.md; .\scripts\fetch-schema.mjs; .\scripts\generate-interfaces.mjs,legal-01; lizenzen; repos; gitlab; github; allgemein; rechtlich; pflicht; allgemein rechtlich pflicht; epic lizenzen,Review matched implementation and define remaining acceptance criteria.,https://github.com/AV-EFI/AVefi-Issues/issues/206
AV-EFI/AVefi-Issues#208,BUG: Anzeige leerer Auswahlmöglichkeiten im Menü für Daten-Export,implemented_candidate,Backend/API/indexing,true,implemented_but_untested,20,.\assets\scss\main.scss; .\components\detail\KeyActionRowsComp.vue; .\components\detail\SameAsComp.vue; .\components\global\ActionContextComp.vue; .\components\global\ComparisonDrawer.vue; .\components\global\ExportDataComp.vue; .\components\global\FacetDrawer.vue; .\components\global\NavBar.vue; .\components\search\ClickableFacetValue.vue; .\components\search\InstantSearchTemplateAVefi.vue,anzeige; leerer; auswahlmoglichkeiten; daten-export; menu,Review code evidence and add or confirm regression coverage before closing.,https://github.com/AV-EFI/AVefi-Issues/issues/208
AV-EFI/AVefi-Issues#182,Highlighting / Scrolldown funktioniert nicht bei Auflösen eines PIDs,domain_logic_needed,Product/domain decision,false,blocked_external,0,,highlighting; scrolldown; funktioniert; nicht; auflosen; eines; pids,Keep in owner-area review before frontend code verification.,https://github.com/AV-EFI/AVefi-Issues/issues/182
AV-EFI/AVefi-Issues#194,BUG: Kübelkind Exemplar Auflösung fkt nicht,domain_logic_needed,Product/domain decision,false,blocked_external,0,,kubelkind; exemplar; auflosung; nicht,Keep in owner-area review before frontend code verification.,https://github.com/AV-EFI/AVefi-Issues/issues/194
AV-EFI/AVefi-Issues#203,BUG: Suchvorschläge in erweiterter Suche referenzieren englische Begriffe,implemented_candidate,Frontend/UI,true,implemented_but_untested,20,.\app.vue; .\components\detail\AVefiRefinementListComp.vue; .\components\detail\GenericKVView.vue; .\components\detail\HasEventComp.vue; .\components\detail\InstitutionListComp.vue; .\components\detail\ItemListNewComp.vue; .\components\detail\KeyActionRowsComp.vue,suchvorschlage; erweiterter; suche; search; referenzieren; englische; begriffe,Review code evidence and add or confirm regression coverage before closing.,https://github.com/AV-EFI/AVefi-Issues/issues/203
AV-EFI/AVefi-Issues#207,BUG: Fehlerhafte Zuordnung der Normdaten-IDs,domain_logic_needed,Product/domain decision,false,blocked_external,0,,fehlerhafte; zuordnung; normdaten-ids,Keep in owner-area review before frontend code verification.,https://github.com/AV-EFI/AVefi-Issues/issues/207
AV-EFI/AVefi-Issues#218,SEARCH-01: Facet result count must always match returned hits,implemented_candidate,Accessibility/QA,true,implemented_but_untested,20,.\app.vue; .\components\detail\AVefiRefinementListComp.vue; .\components\detail\GenericKVView.vue; .\components\detail\HasEventComp.vue,search-01; facet; result; count; always; match; returned; userstory; technical-blocker; must; hits; search,Review code evidence and add or confirm regression coverage before closing.,https://github.com/AV-EFI/AVefi-Issues/issues/218
